priority,score,blog,slug,title,issues,frozen
1,23,kitchen-hugo,테스트-발행,테스트 발행,TEMPLATE_LEAK|TOO_SHORT|NO_H2|NO_INTERNAL_LINK,
2,23,issue-techpawz-hugo,인치-센치-변환-계산기,인치 센치 변환 계산기 - Inch↔Cm 실시간 변환,TEMPLATE_LEAK|TOO_SHORT|NO_H2|NO_INTERNAL_LINK,
3,23,issue-techpawz-hugo,날짜-계산기,커플들을 위한 날짜 계산기 (+ 나이 계산기),TEMPLATE_LEAK|TOO_SHORT|NO_H2|NO_INTERNAL_LINK,
4,20,travel4-hugo,충북에서-자연-속-금강-따라-도는-여행코스-5곳-정리,충북에서 자연 속 금강 따라 도는 여행코스 5곳 정리,TEMPLATE_LEAK|TOO_SHORT|NO_INTERNAL_LINK,
5,20,travel4-hugo,충북-달천과-하늘재-여행-방문-전-필독,충북 달천과 하늘재 여행 방문 전 필독,TEMPLATE_LEAK|TOO_SHORT|NO_INTERNAL_LINK,
6,20,travel4-hugo,충남-금산-인삼과-서천-일출-체크리스트,충남 금산 인삼과 서천 일출 체크리스트,TEMPLATE_LEAK|TOO_SHORT|NO_INTERNAL_LINK,
7,20,travel4-hugo,제주-화산섬-제주의-속살과-여행코스-정리,제주 화산섬 제주의 속살과 여행코스 정리,TEMPLATE_LEAK|TOO_SHORT|NO_INTERNAL_LINK,
8,20,travel4-hugo,전북에서-청동기-시대의-이몽룡과-성춘향이-되어-여행-코스-추천,전북에서 청동기 시대의 이몽룡과 성춘향이 되어 여행 코스 추천,TEMPLATE_LEAK|TOO_SHORT|NO_INTERNAL_LINK,
9,20,travel4-hugo,전북-푸른-보리밭-여행-체크리스트,전북 푸른 보리밭 여행 체크리스트,TEMPLATE_LEAK|TOO_SHORT|NO_INTERNAL_LINK,
10,20,travel4-hugo,전북-전주와-김제-여행-추천,전북 전주와 김제 여행 추천,TEMPLATE_LEAK|TOO_SHORT|NO_INTERNAL_LINK,
11,20,travel4-hugo,인천의-명물빵-여행-체크리스트,인천의 명물빵 여행 체크리스트,TEMPLATE_LEAK|TOO_SHORT|NO_INTERNAL_LINK,
12,20,travel4-hugo,인천-해수욕장과-역사길을-포함한-여행-코스-추천,인천 해수욕장과 역사길을 포함한 여행 코스 추천,TEMPLATE_LEAK|TOO_SHORT|NO_INTERNAL_LINK,
13,20,travel4-hugo,인천-해수욕장과-강화도-역사길-여행-체크리스트,인천 해수욕장과 강화도 역사길 여행 체크리스트,TEMPLATE_LEAK|TOO_SHORT|NO_INTERNAL_LINK,
14,20,travel4-hugo,부산-앞바다를-즐기는-여행코스-5곳-정리,부산 앞바다를 즐기는 여행코스 5곳 정리,TEMPLATE_LEAK|TOO_SHORT|NO_INTERNAL_LINK,
15,20,travel4-hugo,부산-아홉산-대나무숲-여행코스-정리,부산 아홉산 대나무숲 여행코스 정리,TEMPLATE_LEAK|TOO_SHORT|NO_INTERNAL_LINK,
16,20,travel4-hugo,대전의-유교문화와-생태환경-여행-추천,대전의 유교문화와 생태환경 여행 추천,TEMPLATE_LEAK|TOO_SHORT|NO_INTERNAL_LINK,
17,20,travel4-hugo,대전의-밤문화와-힐링-명소-5곳-한눈에-보기,대전의 밤문화와 힐링 명소 5곳 한눈에 보기,TEMPLATE_LEAK|TOO_SHORT|NO_INTERNAL_LINK,
18,20,travel4-hugo,대전-힐링-여행코스-5곳-정리,대전 힐링 여행코스 5곳 정리,TEMPLATE_LEAK|TOO_SHORT|NO_INTERNAL_LINK,
19,20,travel4-hugo,대전-중구-젊은-거리와-유성시장에서의-여행코스-총정리,대전 중구 젊은 거리와 유성시장에서의 여행코스 총정리,TEMPLATE_LEAK|TOO_SHORT|NO_INTERNAL_LINK,
20,20,travel4-hugo,대전-중구-젊은-거리와-생태환경-방문-전-필독,대전 중구 젊은 거리와 생태환경 방문 전 필독,TEMPLATE_LEAK|TOO_SHORT|NO_INTERNAL_LINK,
21,20,travel4-hugo,대구의-멋과-맛을-동시에-즐기는-문화체험-방문-전-필독,대구의 멋과 맛을 동시에 즐기는 문화체험 방문 전 필독,TEMPLATE_LEAK|TOO_SHORT|NO_INTERNAL_LINK,
22,20,travel4-hugo,대구-서부시장-역사와-물놀이-한눈에-보기,대구 서부시장 역사와 물놀이 한눈에 보기,TEMPLATE_LEAK|TOO_SHORT|NO_INTERNAL_LINK,
23,20,travel4-hugo,광주-예술가거리와-518-기념관-여행코스-정리,광주 예술가거리와 5.18 기념관 여행코스 정리,TEMPLATE_LEAK|TOO_SHORT|NO_INTERNAL_LINK,
24,20,travel4-hugo,광주-근대와-현대-여행코스-5곳-정리,광주 근대와 현대 여행코스 5곳 정리,TEMPLATE_LEAK|TOO_SHORT|NO_INTERNAL_LINK,
25,20,travel4-hugo,경기에서-아이와-함께하는-타조와-자연-속-여행코스-정리,경기에서 아이와 함께하는 타조와 자연 속 여행코스 정리,TEMPLATE_LEAK|TOO_SHORT|NO_INTERNAL_LINK,
26,20,travel4-hugo,경기-파주에서-고구려-역사-탐방-추천,경기 파주에서 고구려 역사 탐방 추천,TEMPLATE_LEAK|TOO_SHORT|NO_INTERNAL_LINK,
27,20,travel4-hugo,경기-태양의-후예-촬영지와-겨울방학-썰매장-코스-추천,경기 '태양의 후예' 촬영지와 겨울방학 썰매장 코스 추천,TEMPLATE_LEAK|TOO_SHORT|NO_INTERNAL_LINK,
28,20,travel4-hugo,경기-광주에서-자연과-책으로-떠나는-여행코스-정리,경기 광주에서 자연과 책으로 떠나는 여행코스 정리,TEMPLATE_LEAK|TOO_SHORT|NO_INTERNAL_LINK,
29,20,travel4-hugo,강원에서-임꺽정-유적지와-함께하는-여행-추천,강원에서 임꺽정 유적지와 함께하는 여행 추천,TEMPLATE_LEAK|TOO_SHORT|NO_INTERNAL_LINK,
30,20,travel4-hugo,강원-짜릿한-모험레포츠와-묵호항-이야기-방문-전-필독,강원 짜릿한 모험레포츠와 묵호항 이야기 방문 전 필독,TEMPLATE_LEAK|TOO_SHORT|NO_INTERNAL_LINK,
31,20,travel4-hugo,강원-묵호항과-가을바다-여행코스-정리,강원 묵호항과 가을바다 여행코스 정리,TEMPLATE_LEAK|TOO_SHORT|NO_INTERNAL_LINK,
32,20,travel3-hugo,현지인만-아는-서울-해물-맛집-5곳-총정리,현지인만 아는 서울 해물 맛집 5곳 총정리,TEMPLATE_LEAK|TOO_SHORT|NO_INTERNAL_LINK,
33,20,travel3-hugo,포항에서-맛보는-한정식-5곳-추천-리스트,포항에서 맛보는 한정식 5곳 추천 리스트,TEMPLATE_LEAK|TOO_SHORT|NO_INTERNAL_LINK,
34,20,travel3-hugo,태안-해물-맛집-5곳과-호호아줌마-코스-추천,태안 해물 맛집 5곳과 호호아줌마 코스 추천,TEMPLATE_LEAK|TOO_SHORT|NO_INTERNAL_LINK,
35,20,travel3-hugo,충남에서-맛보는-고기-맛집-5곳-총정리,충남에서 맛보는 고기 맛집 5곳 총정리,TEMPLATE_LEAK|TOO_SHORT|NO_INTERNAL_LINK,
36,20,travel3-hugo,청주에서-한정식-맛집-5곳-추천-리스트,청주에서 한정식 맛집 5곳 추천 리스트,TEMPLATE_LEAK|TOO_SHORT|NO_INTERNAL_LINK,
37,20,travel3-hugo,청주에서-맛보는-칼국수-명소-5곳-정리,청주에서 맛보는 칼국수 명소 5곳 정리,TEMPLATE_LEAK|TOO_SHORT|NO_INTERNAL_LINK,
38,20,travel3-hugo,청주-해물-맛집-5곳-총정리,청주 해물 맛집 5곳 총정리,TEMPLATE_LEAK|TOO_SHORT|NO_INTERNAL_LINK,
39,20,travel3-hugo,중에서-맛보는-냉면-맛집-5곳-정리,중에서 맛보는 냉면 맛집 5곳 정리,TEMPLATE_LEAK|TOO_SHORT|NO_INTERNAL_LINK,
40,20,travel3-hugo,중-카페-잠진도길28와-서울횟집-맛집-총정리,중 카페 잠진도길28와 서울횟집 맛집 총정리,TEMPLATE_LEAK|TOO_SHORT|NO_INTERNAL_LINK,
