blog_id,slug,live_url,violation_type,original_text,context_snippet,suggested_fix,location
beauty-hugo,adenosin-serum-recommend-kaleunosin-lipeuting-serumgwa-aplb-adenosin-vitaminc,https://beauty.rotcha.kr/adenosin-serum-recommend-kaleunosin-lipeuting-serumgwa-aplb-adenosin-vitaminc,효과,효과가 있습니다,"아데노신과 비타민C가 결합된 제품으로, 피부 톤을 개선하고 밝게 해주는 효과가 있습니다. 특히, 피부가 칙칙해 보이는 날에는 이 세럼을 사용해보",도움이 될 수 있습니다,본문
beauty-hugo,beullangne-icheo-5bae-gonongchug-vs-esenheobeu-titeuli-100-titeuli-serum-recommend,https://beauty.rotcha.kr/beullangne-icheo-5bae-gonongchug-vs-esenheobeu-titeuli-100-titeuli-serum-recommend,효과,효과가 있는,"어, 지성 피부는 유분 조절에 도움을 주는 제품을, 민감성 피부는 진정 효과가 있는 제품을 선택해야 합니다.  ### 4. 가격 가격 대비 성능",도움이 될 수 있는,본문
beauty-hugo,byu-aenbyuselladib-adenosin-cream-recommend-ohae-3gaji-2026-july-olbaleun-seontaeg,https://beauty.rotcha.kr/byu-aenbyuselladib-adenosin-cream-recommend-ohae-3gaji-2026-july-olbaleun-seontaeg,효과,피부를 환하게,"페이셜 크림(47,700원)은 아침에 바르면 비타민C의 항산화 효과로 피부를 환하게 유지하고, 저녁에는 아데노신이 주름을 관리해 줍니다.  아데",(문맥 확인 후 수정),본문
beauty-hugo,concealer-recommend-1wi-libhib-maejig-keobeo-vs-2wi-myu-kkeu-pingkeuhil-be-illeo,https://beauty.rotcha.kr/concealer-recommend-1wi-libhib-maejig-keobeo-vs-2wi-myu-kkeu-pingkeuhil-be-illeo,효과,효과가 있습니다,"컨실러 사용 후 파우더를 발라주면 지속력을 높이고, 유분기를 잡아주는 효과가 있습니다. 하지만 피부 타입에 따라 선택적으로 사용할 수 있으며, ",도움이 될 수 있습니다,본문
beauty-hugo,dagteodipeoleonteu-ceq-anti-ogsideonteu-vs-medihil-madekasosa-ideu-heunjeog-serum-recommend-2026,https://beauty.rotcha.kr/dagteodipeoleonteu-ceq-anti-ogsideonteu-vs-medihil-madekasosa-ideu-heunjeog-serum-recommend-2026,효과,효과가 있는,성 피부에는 유분 조절이 가능한 제품이 적합합니다. 민감성 피부는 진정 효과가 있는 성분이 포함된 세럼을 선택하는 것이 좋습니다.  ### 세럼,도움이 될 수 있는,본문
beauty-hugo,di-eogeullaem-geullutachi-on-lipojom-vs-baleuhe-geullutachi-on-gwangchae-geullutachi-on-serum-recommend,https://beauty.rotcha.kr/di-eogeullaem-geullutachi-on-lipojom-vs-baleuhe-geullutachi-on-gwangchae-geullutachi-on-serum-recommend,효과,효과가 있습니다,"### 글루타치온 세럼의 효과는? 글루타치온 세럼은 피부 미백과 항산화 효과가 있습니다. 특히 기미와 잡티를 완화하는 데 효과적이며, 꾸준한 사",도움이 될 수 있습니다,FAQ
beauty-hugo,egf-serum-recommend-egfolloji-aegtibeu-ampoulegwa-juleum-gaeseon,https://beauty.rotcha.kr/egf-serum-recommend-egfolloji-aegtibeu-ampoulegwa-juleum-gaeseon,개선,개선됩니다,"가성비가 뛰어난 제품으로, 정기적으로 사용하면 피부의 탄력이 눈에 띄게 개선됩니다. 저녁 세안 후 수면 전에 사용하면 더욱 효과적입니다. 이 제",개선에 도움이 될 수 있습니다,본문
beauty-hugo,egf-serum-recommend-egfolloji-aegtibeu-ampoulegwa-juleum-gaeseon,https://beauty.rotcha.kr/egf-serum-recommend-egfolloji-aegtibeu-ampoulegwa-juleum-gaeseon,효과,효과가 있습니다,"피부 재생을 촉진하고 주름 개선에 도움을 주며, 피부의 탄력을 높여주는 효과가 있습니다. 또한, 수분 공급과 피부 진정에도 효과적입니다.  ##",도움이 될 수 있습니다,본문
beauty-hugo,egf-세럼-추천-egf올로지-액티브-앰플과-주름-개선,https://beauty.rotcha.kr/egf-세럼-추천-egf올로지-액티브-앰플과-주름-개선,개선,개선됩니다,"가성비가 뛰어난 제품으로, 정기적으로 사용하면 피부의 탄력이 눈에 띄게 개선됩니다. 저녁 세안 후 수면 전에 사용하면 더욱 효과적입니다. 이 제",개선에 도움이 될 수 있습니다,본문
beauty-hugo,egf-세럼-추천-egf올로지-액티브-앰플과-주름-개선,https://beauty.rotcha.kr/egf-세럼-추천-egf올로지-액티브-앰플과-주름-개선,효과,효과가 있습니다,"피부 재생을 촉진하고 주름 개선에 도움을 주며, 피부의 탄력을 높여주는 효과가 있습니다. 또한, 수분 공급과 피부 진정에도 효과적입니다.  ##",도움이 될 수 있습니다,본문
beauty-hugo,eye-cream-recommend-mamike-eo-o-ssotamin-vitaminc-vs-dagteo-mellagsin-simenliteu,https://beauty.rotcha.kr/eye-cream-recommend-mamike-eo-o-ssotamin-vitaminc-vs-dagteo-mellagsin-simenliteu,효과,효과가 있는,"는 것이 중요합니다. 비타민C, 레티놀, 펩타이드 등 주름 개선과 미백 효과가 있는 성분이 포함되어 있는지 확인하세요. 예를 들어, 비타민C는 ",도움이 될 수 있는,본문
beauty-hugo,gimi-gomin-lijyubenilgwa-jigtaeg-ampoule-serumeulo-haegyeolhan-3gae-wol-silsa-yong-hugi,https://beauty.rotcha.kr/gimi-gomin-lijyubenilgwa-jigtaeg-ampoule-serumeulo-haegyeolhan-3gae-wol-silsa-yong-hugi,환해,환해지,수 있습니다.  매일 아침저녁으로 꾸준히 바르면 1개월 차부터 피부가 환해지는 느낌을 받을 수 있다는 후기가 많습니다. 20~30대 여성에게 인,피부 톤 관리에 도움이 될 수 있습니다,본문
beauty-hugo,hebeubeullu-vs-mipaegtoli-powder-recommend-2026,https://beauty.rotcha.kr/hebeubeullu-vs-mipaegtoli-powder-recommend-2026,효과,효과가 있는,"성분을 확인하는 것이 중요합니다. 모공을 막지 않는 성분이나 피부 진정 효과가 있는 성분이 포함된 제품을 선택하는 것이 좋습니다. 예를 들어, ",도움이 될 수 있는,본문
beauty-hugo,koseu-al-egseu-deo-na-i-asin-ama-ideu-vs-wa-ijeulli-na-i-asin-ama-ideu-5-na-i-asin-ama-ideu-serum-recommend,https://beauty.rotcha.kr/koseu-al-egseu-deo-na-i-asin-ama-ideu-vs-wa-ijeulli-na-i-asin-ama-ideu-5-na-i-asin-ama-ideu-serum-recommend,효과,피부 개선,)  ## 2위: 코스알엑스 더 나이아신아마이드 15 세럼 — 효과적인 피부 개선  ![코스알엑스 더 나이아신아마이드 15 세럼](https:/,(문맥 확인 후 수정),본문
beauty-hugo,mask-pack-recommend-medihil-de-illi-sollusyeon-vs-geule-iseude-i-vitaminc-mask-pack,https://beauty.rotcha.kr/mask-pack-recommend-medihil-de-illi-sollusyeon-vs-geule-iseude-i-vitaminc-mask-pack,효과,효과가 있습니다,")  이 마스크팩은 비타민C 성분이 주효하며, 피부의 톤을 밝게 해주는 효과가 있습니다. 가격이 13,500원으로 50개입이기 때문에, 가격 대",도움이 될 수 있습니다,본문
beauty-hugo,melabeul-adamgongbang-juleum-gaeseon-cream-recommend-1man-wondae-habgyeog-top-5,https://beauty.rotcha.kr/melabeul-adamgongbang-juleum-gaeseon-cream-recommend-1man-wondae-habgyeog-top-5,효과,효과가 있습니다,"높여 주름이 생기기 어렵게 만듭니다. 두 성분을 함께 사용하면 시너지 효과가 있습니다. 테라로직 제품은 레티놀, 아담공방 제품은 콜라겐과 EGF",도움이 될 수 있습니다,본문
beauty-hugo,misya-ta-im-lebollusyeon-vs-sentelli-an24-madeka-essence-recommend-2026,https://beauty.rotcha.kr/misya-ta-im-lebollusyeon-vs-sentelli-an24-madeka-essence-recommend-2026,효과,피부 개선,위: 미샤 타임 레볼루션 더 퍼스트 에센스 파이브엑스 — 발효 성분으로 피부 개선  ![미샤 타임 레볼루션](https://ads-partner,(문맥 확인 후 수정),본문
beauty-hugo,nanolesipi-egf-madekasosa-ideu-homke-eo-won-aeg-gomin-kkeutnaeneun-beob,https://beauty.rotcha.kr/nanolesipi-egf-madekasosa-ideu-homke-eo-won-aeg-gomin-kkeutnaeneun-beob,효과,효과가 있는,"리에 효과적인 성분이 유리합니다. 민감성 피부는 마데카소사이드처럼 진정 효과가 있는 성분을 우선 고려하세요.   둘째, 농도와 함량입니다.  제",도움이 될 수 있는,본문
beauty-hugo,nanolesipi-egf-madekasosa-ideu-homke-eo-won-aeg-gomin-kkeutnaeneun-beob,https://beauty.rotcha.kr/nanolesipi-egf-madekasosa-ideu-homke-eo-won-aeg-gomin-kkeutnaeneun-beob,환해,환해지,"분에 자극이 적습니다. 아침 저녁으로 세안 후 바로 바르면 피부가 점차 환해지는 느낌을 받을 수 있습니다.   아쉬운 점:  일반배송이며, 가격",피부 톤 관리에 도움이 될 수 있습니다,본문
beauty-hugo,neombeojeu-in-3beon-dojagigyeol-vs-1beon-jinjeong-toner-choegeun-chulsi-la-in-eob-cheos-insanggwa-silsa-yong-neu-kkim,https://beauty.rotcha.kr/neombeojeu-in-3beon-dojagigyeol-vs-1beon-jinjeong-toner-choegeun-chulsi-la-in-eob-cheos-insanggwa-silsa-yong-neu-kkim,효과,효과가 있는,타입에 맞는 성분과 사용감이 중요합니다. 지성이나 민감성 피부라면 진정 효과가 있는 성분이 들어간 제품을 선택하는 것이 좋습니다. 넘버즈인 1번,도움이 될 수 있는,본문
beauty-hugo,pebta-ideu-serum-recommend-dagteopebti-wa-koseu-al-egseu-ui-maelyeog,https://beauty.rotcha.kr/pebta-ideu-serum-recommend-dagteopebti-wa-koseu-al-egseu-ui-maelyeog,효과,피부를 깨끗이,"을 사용하기 전에 어떤 준비가 필요한가요? 세럼을 사용하기 전에는 먼저 피부를 깨끗이 세안하고, 토너로 피부 결을 정돈한 후 사용하는 것이 좋습",(문맥 확인 후 수정),본문
beauty-hugo,subuncream-recommend-50dae-goboseub-subuncreamgwa-lagtiseu-jeojsocream-compare,https://beauty.rotcha.kr/subuncream-recommend-50dae-goboseub-subuncreamgwa-lagtiseu-jeojsocream-compare,효과,피부를 개선,"수분을 공급하는 데 중점을 두고 있으며, 영양크림은 영양 성분을 통해 피부를 개선하는 데 도움을 줄 수 있습니다. 피부 상태에 따라 두 제품을 ",(문맥 확인 후 수정),본문
beauty-hugo,talmo-shampoo-recommend-keulinegseu-ulteulakeullingwa-geulinpinggeo-yu-a-yongpum-sodog-multisyu,https://beauty.rotcha.kr/talmo-shampoo-recommend-keulinegseu-ulteulakeullingwa-geulinpinggeo-yu-a-yongpum-sodog-multisyu,효과,효과가 있는,"고려해야 할 점은 성분입니다. 두피에 자극을 주지 않으면서 탈모 예방 효과가 있는 성분이 포함되어야 합니다. 예를 들어, 카페인, 비타민 B6,",도움이 될 수 있는,본문
beauty-hugo,toso-ungtujib-poham-mogongsuchugcream-5jong-compare-2026-july-practical-seontaeg,https://beauty.rotcha.kr/toso-ungtujib-poham-mogongsuchugcream-5jong-compare-2026-july-practical-seontaeg,완화,완화됩니다,짐이나 각질이 일어난다면 사용 빈도를 줄이고 보습 크림을 함께 발라주면 완화됩니다. 민감성 피부는 밤보니 같은 저자극 제품을 우선 고려하세요. ,완화에 도움이 될 수 있습니다,본문
beauty-hugo,ttaengkyupameo-pito-lillipul-vs-ahc-heobeu-sollusyeon-toner-recommend-2026,https://beauty.rotcha.kr/ttaengkyupameo-pito-lillipul-vs-ahc-heobeu-sollusyeon-toner-recommend-2026,효과,효과가 있는,"입에 적합한 성분을 가지고 있습니다. 예를 들어, 민감한 피부에는 진정 효과가 있는 제품이 좋고, 지성 피부는 피지 조절에 도움을 주는 제품이 ",도움이 될 수 있는,본문
beauty-hugo,ttaengkyupameo-vs-peulime-i-vs-hebeubeullu-2026-yeoleum-toner-seontaeg-ga-ideu,https://beauty.rotcha.kr/ttaengkyupameo-vs-peulime-i-vs-hebeubeullu-2026-yeoleum-toner-seontaeg-ga-ideu,효과,효과가 있습니다,점:  부스팅 토너라는 이름처럼 다음 스킨케어 제품의 흡수율을 높여주는 효과가 있습니다.  아쉬운 점:  가격대가 다른 제품에 비해 높아 부담될,도움이 될 수 있습니다,본문
beauty-hugo,기미-고민-리쥬베닐과-직택-앰플-세럼으로-해결한-3개월-실사용-후기,https://beauty.rotcha.kr/기미-고민-리쥬베닐과-직택-앰플-세럼으로-해결한-3개월-실사용-후기,환해,환해지,수 있습니다.  매일 아침저녁으로 꾸준히 바르면 1개월 차부터 피부가 환해지는 느낌을 받을 수 있다는 후기가 많습니다. 20~30대 여성에게 인,피부 톤 관리에 도움이 될 수 있습니다,본문
beauty-hugo,나노레시피-egf-마데카소사이드-홈케어-원액-고민-끝내는-법,https://beauty.rotcha.kr/나노레시피-egf-마데카소사이드-홈케어-원액-고민-끝내는-법,효과,효과가 있는,"리에 효과적인 성분이 유리합니다. 민감성 피부는 마데카소사이드처럼 진정 효과가 있는 성분을 우선 고려하세요.   둘째, 농도와 함량입니다.  제",도움이 될 수 있는,본문
beauty-hugo,나노레시피-egf-마데카소사이드-홈케어-원액-고민-끝내는-법,https://beauty.rotcha.kr/나노레시피-egf-마데카소사이드-홈케어-원액-고민-끝내는-법,환해,환해지,"분에 자극이 적습니다. 아침 저녁으로 세안 후 바로 바르면 피부가 점차 환해지는 느낌을 받을 수 있습니다.   아쉬운 점:  일반배송이며, 가격",피부 톤 관리에 도움이 될 수 있습니다,본문
beauty-hugo,넘버즈인-3번-도자기결-vs-1번-진정-토너-최근-출시-라인업-첫인상과-실사용-느낌,https://beauty.rotcha.kr/넘버즈인-3번-도자기결-vs-1번-진정-토너-최근-출시-라인업-첫인상과-실사용-느낌,효과,효과가 있는,타입에 맞는 성분과 사용감이 중요합니다. 지성이나 민감성 피부라면 진정 효과가 있는 성분이 들어간 제품을 선택하는 것이 좋습니다. 넘버즈인 1번,도움이 될 수 있는,본문
beauty-hugo,닥터디퍼런트-ceq-안티옥시던트-vs-메디힐-마데카소사이드-흔적-세럼-추천-2026,https://beauty.rotcha.kr/닥터디퍼런트-ceq-안티옥시던트-vs-메디힐-마데카소사이드-흔적-세럼-추천-2026,효과,효과가 있는,성 피부에는 유분 조절이 가능한 제품이 적합합니다. 민감성 피부는 진정 효과가 있는 성분이 포함된 세럼을 선택하는 것이 좋습니다.  ### 세럼,도움이 될 수 있는,본문
beauty-hugo,디어글램-글루타치온-리포좀-vs-바르헤-글루타치온-광채-글루타치온-세럼-추천,https://beauty.rotcha.kr/디어글램-글루타치온-리포좀-vs-바르헤-글루타치온-광채-글루타치온-세럼-추천,효과,효과가 있습니다,"### 글루타치온 세럼의 효과는? 글루타치온 세럼은 피부 미백과 항산화 효과가 있습니다. 특히 기미와 잡티를 완화하는 데 효과적이며, 꾸준한 사",도움이 될 수 있습니다,FAQ
beauty-hugo,땡큐파머-vs-프리메이-vs-헤브블루-2026년-여름-토너-선택-가이드,https://beauty.rotcha.kr/땡큐파머-vs-프리메이-vs-헤브블루-2026년-여름-토너-선택-가이드,효과,효과가 있습니다,점:  부스팅 토너라는 이름처럼 다음 스킨케어 제품의 흡수율을 높여주는 효과가 있습니다.  아쉬운 점:  가격대가 다른 제품에 비해 높아 부담될,도움이 될 수 있습니다,본문
beauty-hugo,땡큐파머-피토-릴리풀-vs-ahc-허브-솔루션-토너-추천-2026,https://beauty.rotcha.kr/땡큐파머-피토-릴리풀-vs-ahc-허브-솔루션-토너-추천-2026,효과,효과가 있는,"입에 적합한 성분을 가지고 있습니다. 예를 들어, 민감한 피부에는 진정 효과가 있는 제품이 좋고, 지성 피부는 피지 조절에 도움을 주는 제품이 ",도움이 될 수 있는,본문
beauty-hugo,마스크팩-추천-메디힐-데일리-솔루션-vs-그레이스데이-비타민c-마스크팩,https://beauty.rotcha.kr/마스크팩-추천-메디힐-데일리-솔루션-vs-그레이스데이-비타민c-마스크팩,효과,효과가 있습니다,")  이 마스크팩은 비타민C 성분이 주효하며, 피부의 톤을 밝게 해주는 효과가 있습니다. 가격이 13,500원으로 50개입이기 때문에, 가격 대",도움이 될 수 있습니다,본문
beauty-hugo,미샤-타임-레볼루션-vs-센텔리안24-마데카-에센스-추천-2026,https://beauty.rotcha.kr/미샤-타임-레볼루션-vs-센텔리안24-마데카-에센스-추천-2026,효과,피부 개선,위: 미샤 타임 레볼루션 더 퍼스트 에센스 파이브엑스 — 발효 성분으로 피부 개선  ![미샤 타임 레볼루션](https://ads-partner,(문맥 확인 후 수정),본문
beauty-hugo,미샤아브카닥터디퍼런트-비타민c-세럼-추천-피부-고민별-선택법,https://beauty.rotcha.kr/미샤아브카닥터디퍼런트-비타민c-세럼-추천-피부-고민별-선택법,효과,피부를 환하게,"바르고, 그 위에 영양 크림을 덧바르는 순서를 추천합니다. 비타민C가 피부를 환하게 정돈해 주는 동안 콜라겐 성분이 건조해지기 쉬운 피부에 탄력",(문맥 확인 후 수정),본문
beauty-hugo,미샤아브카닥터디퍼런트-비타민c-세럼-추천-피부-고민별-선택법,https://beauty.rotcha.kr/미샤아브카닥터디퍼런트-비타민c-세럼-추천-피부-고민별-선택법,환해,환해지,"가 있습니다. 저도 매일 아침 세안 후 비타민C 세럼을 바르면서 피부가 환해지는 느낌을 경험했기에, 오늘은 8,900원대부터 2만원대까지 부담 ",피부 톤 관리에 도움이 될 수 있습니다,본문
beauty-hugo,블랑네이처-5배-고농축-vs-에센허브-티트리-100-티트리-세럼-추천,https://beauty.rotcha.kr/블랑네이처-5배-고농축-vs-에센허브-티트리-100-티트리-세럼-추천,효과,효과가 있는,"어, 지성 피부는 유분 조절에 도움을 주는 제품을, 민감성 피부는 진정 효과가 있는 제품을 선택해야 합니다.  ### 4. 가격 가격 대비 성능",도움이 될 수 있는,본문
beauty-hugo,블랑네이처-여드름기능성-클렌징폼-추천-피부-진정의-첫-걸음,https://beauty.rotcha.kr/블랑네이처-여드름기능성-클렌징폼-추천-피부-진정의-첫-걸음,효과,피부를 깨끗하게,"많으신가요? 적절한 클렌저 선택이 더욱 중요해지는 여름철, 자극 없이 피부를 깨끗하게 지켜줄 무기자극 클렌저를 추천합니다. 2026년 8월 기준",(문맥 확인 후 수정),본문
beauty-hugo,수분크림-추천-50대-고보습-수분크림과-락티스-젖소크림-비교,https://beauty.rotcha.kr/수분크림-추천-50대-고보습-수분크림과-락티스-젖소크림-비교,효과,피부를 개선,"수분을 공급하는 데 중점을 두고 있으며, 영양크림은 영양 성분을 통해 피부를 개선하는 데 도움을 줄 수 있습니다. 피부 상태에 따라 두 제품을 ",(문맥 확인 후 수정),본문
beauty-hugo,아데노신-세럼-추천-카르노신-리프팅-세럼과-aplb-아데노신-비타민c,https://beauty.rotcha.kr/아데노신-세럼-추천-카르노신-리프팅-세럼과-aplb-아데노신-비타민c,효과,효과가 있습니다,"아데노신과 비타민C가 결합된 제품으로, 피부 톤을 개선하고 밝게 해주는 효과가 있습니다. 특히, 피부가 칙칙해 보이는 날에는 이 세럼을 사용해보",도움이 될 수 있습니다,본문
beauty-hugo,아이크림-추천-마미케어-오쏘타민-비타민c-vs-닥터-멜락신-시멘리트,https://beauty.rotcha.kr/아이크림-추천-마미케어-오쏘타민-비타민c-vs-닥터-멜락신-시멘리트,효과,효과가 있는,"는 것이 중요합니다. 비타민C, 레티놀, 펩타이드 등 주름 개선과 미백 효과가 있는 성분이 포함되어 있는지 확인하세요. 예를 들어, 비타민C는 ",도움이 될 수 있는,본문
beauty-hugo,워시오프-팩-추천-비플레인오제끄-모공-관리-필승-아이템,https://beauty.rotcha.kr/워시오프-팩-추천-비플레인오제끄-모공-관리-필승-아이템,효과,피부를 환하게,"산송이의 미세한 입자가 모공 속 노폐물을 빨아들이고, 비타민B3 성분이 피부를 환하게 정돈합니다.    아쉬운 점:  건조한 피부에 사용하면 약",(문맥 확인 후 수정),본문
beauty-hugo,젤쿠어-각질필링-추천-top-3-해초약초독일약초-실속-비교,https://beauty.rotcha.kr/젤쿠어-각질필링-추천-top-3-해초약초독일약초-실속-비교,효과,효과가 있습니다,니다.  장점:  1g당 가격이 가장 저렴하여 장기적으로 큰 비용 절감 효과가 있습니다. 건성이나 민감성 피부도 안심하고 사용할 수 있는 약초 ,도움이 될 수 있습니다,본문
beauty-hugo,컨실러-추천-1위-립힙-매직-커버-vs-2위-뮤끄-핑크힐-베일러,https://beauty.rotcha.kr/컨실러-추천-1위-립힙-매직-커버-vs-2위-뮤끄-핑크힐-베일러,효과,효과가 있습니다,"컨실러 사용 후 파우더를 발라주면 지속력을 높이고, 유분기를 잡아주는 효과가 있습니다. 하지만 피부 타입에 따라 선택적으로 사용할 수 있으며, ",도움이 될 수 있습니다,본문
beauty-hugo,코스알엑스-더-나이아신아마이드-vs-와이즐리-나이아신아마이드-5-나이아신아마이드-세럼-추천,https://beauty.rotcha.kr/코스알엑스-더-나이아신아마이드-vs-와이즐리-나이아신아마이드-5-나이아신아마이드-세럼-추천,효과,피부 개선,)  ## 2위: 코스알엑스 더 나이아신아마이드 15 세럼 — 효과적인 피부 개선  ![코스알엑스 더 나이아신아마이드 15 세럼](https:/,(문맥 확인 후 수정),본문
beauty-hugo,쿠션-팩트-추천-총정리-이지듀누디크-실속-top-5,https://beauty.rotcha.kr/쿠션-팩트-추천-총정리-이지듀누디크-실속-top-5,효과,효과가 있습니다,글로우 라인은 얇게 발리면서도 은은한 광택을 줘 피부결이 좋아 보이는 효과가 있습니다. 연예인 홈쇼핑에서도 소개된 제품이라 광채 메이크업에 관심,도움이 될 수 있습니다,본문
beauty-hugo,탈모-샴푸-추천-크리넥스-울트라클린과-그린핑거-유아용품-소독-물티슈,https://beauty.rotcha.kr/탈모-샴푸-추천-크리넥스-울트라클린과-그린핑거-유아용품-소독-물티슈,효과,효과가 있는,"고려해야 할 점은 성분입니다. 두피에 자극을 주지 않으면서 탈모 예방 효과가 있는 성분이 포함되어야 합니다. 예를 들어, 카페인, 비타민 B6,",도움이 될 수 있는,본문
beauty-hugo,펩타이드-세럼-추천-닥터펩티와-코스알엑스의-매력,https://beauty.rotcha.kr/펩타이드-세럼-추천-닥터펩티와-코스알엑스의-매력,효과,피부를 깨끗이,"을 사용하기 전에 어떤 준비가 필요한가요? 세럼을 사용하기 전에는 먼저 피부를 깨끗이 세안하고, 토너로 피부 결을 정돈한 후 사용하는 것이 좋습",(문맥 확인 후 수정),본문
beauty-hugo,헤브블루-vs-미팩토리-파우더-추천-2026,https://beauty.rotcha.kr/헤브블루-vs-미팩토리-파우더-추천-2026,효과,효과가 있는,"성분을 확인하는 것이 중요합니다. 모공을 막지 않는 성분이나 피부 진정 효과가 있는 성분이 포함된 제품을 선택하는 것이 좋습니다. 예를 들어, ",도움이 될 수 있는,본문
health-hugo,bcaa-recommend-nyuteulikoseuteu-bcaa-powder-vs-igseuteulim-obtima-bcaa-2026-5wol-gijun,https://health.rotcha.kr/bcaa-recommend-nyuteulikoseuteu-bcaa-powder-vs-igseuteulim-obtima-bcaa-2026-5wol-gijun,효과,효과가 있습니다,"있나요? BCAA는 근육 회복을 도와주고, 운동 중 피로감을 줄여주는 효과가 있습니다. 또한, 근육 손실을 방지하는 데도 도움을 줄 수 있습니다",도움이 될 수 있습니다,본문
health-hugo,bcaa-추천-뉴트리코스트-bcaa-파우더-vs-익스트림-옵티마-bcaa-2026년-5월-기준,https://health.rotcha.kr/bcaa-추천-뉴트리코스트-bcaa-파우더-vs-익스트림-옵티마-bcaa-2026년-5월-기준,효과,효과가 있습니다,"있나요? BCAA는 근육 회복을 도와주고, 운동 중 피로감을 줄여주는 효과가 있습니다. 또한, 근육 손실을 방지하는 데도 도움을 줄 수 있습니다",도움이 될 수 있습니다,본문
health-hugo,collagen-supplement-2026-july-oniseuteu-teulipeulcollagen-olenji-wa-pudilli-lemonsyas-5jong-recommend,https://health.rotcha.kr/collagen-supplement-2026-july-oniseuteu-teulipeulcollagen-olenji-wa-pudilli-lemonsyas-5jong-recommend,개선,개선된,어야 할 수 있습니다. 분말이나 액상형은 물에 타서 마셔야 하지만 맛이 개선된 제품이 많아 꾸준히 먹기 좋습니다. 자신의 생활 패턴에 맞는 형태,개선에 도움이 될 수 있습니다,본문
health-hugo,ironje-recommend-2026-july-olbaleungeongang-vs-solga-vs-seupaton-compare,https://health.rotcha.kr/ironje-recommend-2026-july-olbaleungeongang-vs-solga-vs-seupaton-compare,개선,개선된,"오래 복용해도 괜찮나요?  철분은 체내에 저장되는 미네랄이므로, 증상이 개선된 후에는 2~3개월 복용 후 잠시 휴식기를 가지는 것이 좋습니다. ",개선에 도움이 될 수 있습니다,본문
health-hugo,jang-injeongsin-myeon-yeogpeulleoseu-seutig-vs-vitaminma-eul-mampyeonhan-myeon-yeogteunteun-zinc-supplement-recommend,https://health.rotcha.kr/jang-injeongsin-myeon-yeogpeulleoseu-seutig-vs-vitaminma-eul-mampyeonhan-myeon-yeogteunteun-zinc-supplement-recommend,면역,면역튼튼,"| 아연 | 10mg | 30개 | 로켓배송 | | 비타민마을 맘편한 면역튼튼 | 29,900원 | 아연 | 5mg | 15회분, 3개 | 무료","(제품명 — 수정 불가, 본문 설명만 치환)",본문
health-hugo,magnesium-goleuneun-beob-2026-latest-ga-ideu-nyuteulidide-ibuteo-senobiseu-kkaji,https://health.rotcha.kr/magnesium-goleuneun-beob-2026-latest-ga-ideu-nyuteulidide-ibuteo-senobiseu-kkaji,개선,개선된,"네슘 단일 제품을 먹으면 속이 불편했던 경험이 있는 분이라면, 흡수율이 개선된 킬레이트 혼합 형태가 더 나은 선택이 될 수 있습니다.  [쿠팡에",개선에 도움이 될 수 있습니다,본문
health-hugo,top-5-dagteopam-seontaeghan-i-yu-wa-hugi,https://health.rotcha.kr/top-5-dagteopam-seontaeghan-i-yu-wa-hugi,개선,개선됩니다,"점:  오메가3 특유의 비린내가 약간 있을 수 있으나, 냉장 보관하면 개선됩니다  로켓배송으로 주문 다음 날 바로 수령 가능하며, 쿠팡 랭킹 7",개선에 도움이 될 수 있습니다,본문
health-hugo,top-5-닥터팜-선택한-이유와-후기,https://health.rotcha.kr/top-5-닥터팜-선택한-이유와-후기,개선,개선됩니다,"점:  오메가3 특유의 비린내가 약간 있을 수 있으나, 냉장 보관하면 개선됩니다  로켓배송으로 주문 다음 날 바로 수령 가능하며, 쿠팡 랭킹 7",개선에 도움이 될 수 있습니다,본문
health-hugo,vitaminc-gocapacity-recommend-5jong-yuhanmedika-lipojomgwa-ildongje-yag-mega-vitaminc-practical-seontaeg,https://health.rotcha.kr/vitaminc-gocapacity-recommend-5jong-yuhanmedika-lipojomgwa-ildongje-yag-mega-vitaminc-practical-seontaeg,면역,면역 강화,"예방이나 피로 회복을 목적으로 한다면 1000~2000mg, 항산화나 면역 강화에 집중한다면 3000mg 이상도 고려할 수 있습니다.  2.  ",면역 관련 성분을 함유하고 있습니다,본문
health-hugo,yeo-eseudeo-eolincollagen-letinola-vs-oniseuteu-teulipeulcollagen-2026-recommend-supplement,https://health.rotcha.kr/yeo-eseudeo-eolincollagen-letinola-vs-oniseuteu-teulipeulcollagen-2026-recommend-supplement,효과,피부 개선,"향을 크게 좌우합니다. 예를 들어, 저분자 콜라겐은 체내 흡수율이 높아 피부 개선에 효과적입니다. 최소 2000mg 이상의 콜라겐이 포함된 제품",(문맥 확인 후 수정),본문
health-hugo,zinc-myeon-yeog-supplement-solga-zinc-50gwa-pola-ipeu-teulaenseupeo-paegteo-na-ege-majneun-goleuneun-beob,https://health.rotcha.kr/zinc-myeon-yeog-supplement-solga-zinc-50gwa-pola-ipeu-teulaenseupeo-paegteo-na-ege-majneun-goleuneun-beob,면역,면역튼튼,"원 | 아연 50mg | 100정 | 로켓배송 | | 비타민마을 맘편한 면역튼튼 어린이 아연 젤리 | 29,900원 | 아연 (함량 미표기) |","(제품명 — 수정 불가, 본문 설명만 치환)",본문
health-hugo,구미-추천-마이구미닥터브라이언-실속-선택,https://health.rotcha.kr/구미-추천-마이구미닥터브라이언-실속-선택,향상,향상됩니다,"특히 비타민 D는 지용성이므로 지방이 있는 음식과 함께 섭취하면 흡수가 향상됩니다. ### 배송은 로켓배송인가요? 네, 소개한 5개 제품 모두 ",(문맥 확인 후 수정),본문
health-hugo,마그네슘-고르는-법-2026년-최신-가이드-뉴트리디데이부터-세노비스까지,https://health.rotcha.kr/마그네슘-고르는-법-2026년-최신-가이드-뉴트리디데이부터-세노비스까지,개선,개선된,"네슘 단일 제품을 먹으면 속이 불편했던 경험이 있는 분이라면, 흡수율이 개선된 킬레이트 혼합 형태가 더 나은 선택이 될 수 있습니다.  [쿠팡에",개선에 도움이 될 수 있습니다,본문
health-hugo,비타민c-고용량-추천-5종-유한메디카-리포좀과-일동제약-메가-비타민c-실속-선택,https://health.rotcha.kr/비타민c-고용량-추천-5종-유한메디카-리포좀과-일동제약-메가-비타민c-실속-선택,면역,면역 강화,"예방이나 피로 회복을 목적으로 한다면 1000~2000mg, 항산화나 면역 강화에 집중한다면 3000mg 이상도 고려할 수 있습니다.  2.  ",면역 관련 성분을 함유하고 있습니다,본문
health-hugo,아연-면역-영양제-솔가-아연-50과-포라이프-트랜스퍼-팩터-나에게-맞는-고르는-법,https://health.rotcha.kr/아연-면역-영양제-솔가-아연-50과-포라이프-트랜스퍼-팩터-나에게-맞는-고르는-법,면역,면역튼튼,"원 | 아연 50mg | 100정 | 로켓배송 | | 비타민마을 맘편한 면역튼튼 어린이 아연 젤리 | 29,900원 | 아연 (함량 미표기) |","(제품명 — 수정 불가, 본문 설명만 치환)",본문
health-hugo,여에스더-어린콜라겐-레티놀a-vs-오니스트-트리플콜라겐-2026년-추천-영양제,https://health.rotcha.kr/여에스더-어린콜라겐-레티놀a-vs-오니스트-트리플콜라겐-2026년-추천-영양제,효과,피부 개선,"향을 크게 좌우합니다. 예를 들어, 저분자 콜라겐은 체내 흡수율이 높아 피부 개선에 효과적입니다. 최소 2000mg 이상의 콜라겐이 포함된 제품",(문맥 확인 후 수정),본문
health-hugo,잇몸-영양제-추천-구강탄탄네오메딕스-치과-추천-성분-비교,https://health.rotcha.kr/잇몸-영양제-추천-구강탄탄네오메딕스-치과-추천-성분-비교,개선,개선된,"잇몸 건강에 필요한 여러 성분을 함유하고 있으며, 리뉴얼 버전으로 더욱 개선된 조합을 제공합니다. 또한 잇몸치약 세트가 함께 제공되어 구강 관리",개선에 도움이 될 수 있습니다,본문
health-hugo,장인정신-면역플러스-스틱-vs-비타민마을-맘편한-면역튼튼-아연-영양제-추천,https://health.rotcha.kr/장인정신-면역플러스-스틱-vs-비타민마을-맘편한-면역튼튼-아연-영양제-추천,면역,면역튼튼,"| 아연 | 10mg | 30개 | 로켓배송 | | 비타민마을 맘편한 면역튼튼 | 29,900원 | 아연 | 5mg | 15회분, 3개 | 무료","(제품명 — 수정 불가, 본문 설명만 치환)",본문
health-hugo,철분제-추천-2026년-7월-올바른건강-vs-솔가-vs-스파톤-비교,https://health.rotcha.kr/철분제-추천-2026년-7월-올바른건강-vs-솔가-vs-스파톤-비교,개선,개선된,"오래 복용해도 괜찮나요?  철분은 체내에 저장되는 미네랄이므로, 증상이 개선된 후에는 2~3개월 복용 후 잠시 휴식기를 가지는 것이 좋습니다. ",개선에 도움이 될 수 있습니다,본문
health-hugo,콜라겐-영양제-2026년-7월-오니스트-트리플콜라겐-오렌지와-푸딜리-레몬샷-5종-추천,https://health.rotcha.kr/콜라겐-영양제-2026년-7월-오니스트-트리플콜라겐-오렌지와-푸딜리-레몬샷-5종-추천,개선,개선된,어야 할 수 있습니다. 분말이나 액상형은 물에 타서 마셔야 하지만 맛이 개선된 제품이 많아 꾸준히 먹기 좋습니다. 자신의 생활 패턴에 맞는 형태,개선에 도움이 될 수 있습니다,본문
