URL,최종 크롤링
https://rotcha.kr/entry/태국-송금-ATM으로-찾기-vs-태국-계좌로-센트비-송금,2026-02-24
https://rotcha.kr/entry/TVN-선재-업고-튀어-변우석-팬심을-자극하는-다재다능한-배우,2026-02-24
https://rotcha.kr/entry/TVN-선재-업고-튀어-변우석-팬심을-자극하는-다재다능한-배우?category=878814,2026-02-24
https://rotcha.kr/entry/카카오뱅크-ATM-스마트출금-안내-카드-없이-스마트폰으로-현금을-뽑을-수-있어요,2026-02-24
https://rotcha.kr/entry/TVN-은퇴설계자들-5회-의뢰인-손범수-진양혜-진행-김원희-김종민-6월-7일-서울-시니어스-분당타원,2026-02-24
https://rotcha.kr/entry/망각곡선과-노션Notion-노션이-한글화-됐다,2026-02-24
https://rotcha.kr/entry/메디큐브-제로모공패드-20-사용-방법-및-한정-이벤트-최저가-구매하기,2026-02-24
https://rotcha.kr/entry/다이소-VT-리들샷-사용방법-재고-확인,2026-02-24
https://rotcha.kr/m/entry/동원-예비군-훈련-준비물-꿀팁｜통지서-시계-슬리퍼,2026-02-23
https://rotcha.kr/entry/BNR17-유산균-효능-비에날씬-다이어트-유산균-효능과-최저가-구매하기,2026-02-23
https://rotcha.kr/entry/네이버-2차계정-만들기?category=878814,2026-02-23
https://rotcha.kr/entry/뤼튼Wrtn과-챗GPT-당신도-느낄-뤼튼이-더-좋을-수밖에-없는-이유,2026-02-23
https://rotcha.kr/entry/연금복권-720-를-아시나요-QR코드-스켄으로-1등-체험해-보자,2026-02-23
https://rotcha.kr/entry/연금복권-720-를-아시나요-QR코드-스켄으로-1등-체험해-보자?category=878814,2026-02-23
https://rotcha.kr/entry/카카오뱅크-스위프트-코드SWIFT-Code-구글-애드센스-지급-결제-정보,2026-02-23
https://rotcha.kr/entry/네이버-2차계정-만들기,2026-02-23
https://rotcha.kr/entry/네이버-2차계정-만들기?category=1160184,2026-02-23
https://rotcha.kr/entry/국민은행-몇-시까지-열어요-kb-국민은행-영업시간-알아보기,2026-02-21
https://rotcha.kr/entry/국민은행-몇-시까지-열어요-kb-국민은행-영업시간-알아보기?category=878814,2026-02-21
https://rotcha.kr/entry/트루포뮬러-비아노스-최저가-구매하기,2026-02-20
https://rotcha.kr/entry/트루포뮬러-비아노스-최저가-구매하기?category=1162234,2026-02-20
https://rotcha.kr/entry/트루포뮬러-비아노스-최저가-구매하기?category=878814,2026-02-20
https://rotcha.kr/entry/SBI-저축은행-몇시까지-열어요-영업시간-및-고객센터-알아보기,2026-02-19
https://rotcha.kr/entry/피임약-하루-빼먹으면?category=1160184,2026-02-19
https://rotcha.kr/entry/링티-최저가-구매하기,2026-02-19
https://rotcha.kr/entry/OneDrive-원드라이브를-이용한-음원-파일-스마트폰으로-옮기기?category=1160184,2026-02-18
https://rotcha.kr/entry/OneDrive-원드라이브를-이용한-음원-파일-스마트폰으로-옮기기,2026-02-18
https://rotcha.kr/entry/피임약-하루-빼먹으면?category=878814,2026-02-18
https://rotcha.kr/entry/피임약-하루-빼먹으면,2026-02-18
https://rotcha.kr/entry/달까지-가자-감정의-J커브를-그리는-하이퍼리얼리즘-소설,2026-02-18
https://rotcha.kr/entry/QCY-HT10-AilyBuds-Pro-가성비-고성능-무선-이어버드-구매안내,2026-02-17
https://rotcha.kr/entry/네이버-블로그-홈페이지형-투명위젯-문제,2026-02-17
https://rotcha.kr/128/,2026-02-16
https://rotcha.kr/tags/삼성생명/index.xml,2026-02-14
https://rotcha.kr/m/entry/파인플로우-샷-액상-퓨얼,2026-02-14
https://rotcha.kr/entry/파인플로우-샷-액상-퓨얼?category=1162234,2026-02-14
https://rotcha.kr/entry/파인플로우-샷-액상-퓨얼,2026-02-14
https://rotcha.kr/entry/영화-청설-한국-리메이크-제작진-출연진-원작과의-차이점-그리고-청설聽說，听说의-의미,2026-02-14
https://rotcha.kr/entry/충남대-구인구직-백마광장?category=878814?category%3D878814,2026-02-13
https://rotcha.kr/entry/충남대-구인구직-백마광장?category=878814,2026-02-13
https://rotcha.kr/entry/링티-최저가-구매하기?category=878814,2026-02-12
https://rotcha.kr/posts/2025-06-13-에겐남-뜻-알아보기-요즘-z세대가-주목하는-성격-유형/,2026-02-12
https://rotcha.kr/entry/내안의-구원의-여신을-찾아서?category=878983,2026-02-12
https://rotcha.kr/m/entry/내안의-구원의-여신을-찾아서,2026-02-11
https://rotcha.kr/entry/내안의-구원의-여신을-찾아서,2026-02-11
https://rotcha.kr/entry/2024년-함안-낙화-놀이-예약하고-안전하게-즐기세요?category=1160184,2026-02-11
https://rotcha.kr/entry/2024년-함안-낙화-놀이-예약하고-안전하게-즐기세요,2026-02-11
https://rotcha.kr/entry/윤석열-대통령-탄핵심판-선고일정-확정-–-헌재-4월-4일-오전-11시-선고-진행,2026-02-10
https://rotcha.kr/posts/2024-06-07-tvn-은퇴설계자들-5회-의뢰인-손범수-진양혜-진행-김원희-김종민-6월-7일-서울-시니어스/,2026-02-09
https://rotcha.kr/posts/2024-09-15-2024-추석-인사말-모음-알찬-한가위-연휴와-남은-한-해에-대한-희망을-이야기해보세요/,2026-02-09
https://rotcha.kr/posts/2024-06-15-6월-라벤더축제-명소-추천-향기로운-보라색-여름-여행-4곳-알아보기/,2026-02-08
https://rotcha.kr/posts/2025-01-19-성선영-세탁예술가-세탁소-유튜브-채널과-비법-부활-세제-구매하기/,2026-02-08
https://rotcha.kr/posts/2024-09-15-근로장려금-자동신청-연령-조건과-신청-방법/,2026-02-08
https://rotcha.kr/entry/카카오뱅크-ATM-스마트출금-안내-카드-없이-스마트폰으로-현금을-뽑을-수-있어요?category=1160184,2026-02-08
https://rotcha.kr/posts/2021-05-20-백혈구-수치가-낮을-때-생각해-볼-것들/,2026-02-08
https://rotcha.kr/posts/2023-11-08-큐리케어-미라클-화이트닝-부스터-구매-후기-및-최저가-구매하기/,2026-02-08
https://rotcha.kr/posts/2025-04-04-윤석열-대통령-탄핵-선고-전문-보기-및-다운로드-헌법재판소-전원일치-윤석열-대통령-파면-결/,2026-02-07
https://rotcha.kr/posts/2022-08-10-해외-소액-송금-인터넷-뱅킹보다-수수료-적고-사용하기-편리한-어플-센트비-후기/?category=1160184,2026-02-07
https://rotcha.kr/posts/2024-02-08-솔티스-혈당프로텍션-프로-가격-구매방법-효능-후기-알아보기/,2026-02-07
https://rotcha.kr/posts/2024-06-30-카카오톡-pc버전-다운로드-방법/,2026-02-07
https://rotcha.kr/posts/2020-08-14-이상한-정상가족-불행한-가족-이전에-불행한-개인이-있다/,2026-02-06
https://rotcha.kr/posts/2024-08-22-2023-마이브-m1-재원과-성능-알아보기/,2026-02-06
https://rotcha.kr/posts/2024-09-03-닥터33-탈모-앰플-효능-효과-부작용-및-구매-방법/,2026-02-06
https://rotcha.kr/posts/2024-06-08-나락-보관소-계정-폭파-밀양-피해자와-소통-없었다-의문점들/,2026-02-06
https://rotcha.kr/posts/2024-12-19-자라-zara-2024-겨울-세일-시작-12월-18일부터-재고-소진-시까지-놓치지-마세요/,2026-02-06
https://rotcha.kr/posts/2025-06-27-오징어게임3-관람평-넷플릭스-공개시간-몇부작-456번-비밀까지-총정리/,2026-02-06
https://rotcha.kr/posts/2024-09-15-영화-베테랑2-쿠키-영상과-3편에-대한-기대/,2026-02-06
https://rotcha.kr/posts/2024-07-22-아파트-동호수-영문-주소-변환-규칙과-주소-영문변화-사이트/,2026-02-06
https://rotcha.kr/posts/2024-06-27-전국민-마음투자-지원사업-심리상담-발달재활서비스-신청하기/,2026-02-06
https://rotcha.kr/posts/2024-10-20-한진택배-실시간-배송조회-방법-및-사용-가이드/,2026-02-06
https://rotcha.kr/posts/2025-04-17-지귀연-재판부-교체-국민청원운동-알아보기-청원바로가기-무엇이-문제인가/,2026-02-06
https://rotcha.kr/posts/2024-04-26-k-패스-사용가능-지역-알아보기/,2026-02-06
https://rotcha.kr/posts/2024-11-18-가수-김재중-입양아-고백-이야기와-가족-사랑/,2026-02-06
https://rotcha.kr/posts/2024-06-27-청년희망기쁨두배통장-신청하기-자격조건-알아보기/,2026-02-06
https://rotcha.kr/posts/2023-11-21-관절엔-콘드로이친-1200-평생쓰는-관절-지금부터-관리해야-효능-후기-최저가-구매하기/,2026-02-06
https://rotcha.kr/posts/2024-10-12-이토록-친밀한-배신자-정보-한순간도-눈을-뗄수-없는-엄청난-긴장감-미친-연기와-연출-시청률/,2026-02-06
https://rotcha.kr/posts/2024-02-17-미스트롯3-투표하기-네이버-나우에서-미스트롯-검색하면-됩니다/,2026-02-06
https://rotcha.kr/posts/2025-03-04-장염-옮나요-전염될까-감염-경로와-예방법-총정리/,2026-02-05
https://rotcha.kr/posts/2024-02-14-잔기침-멈추는-법-원인과-치료-면역력-감소-때-나타나는-증상/,2026-02-05
https://rotcha.kr/posts/2021-03-04-싸움의-기술-경멸과-모멸감의-악영향-당신도-가지고-있다면/,2026-02-05
https://rotcha.kr/posts/2025-06-13-에겐남과-테토남-뜻-총정리-요즘-z세대가-자주-쓰는-신조어/,2026-02-05
https://rotcha.kr/posts/2021-06-15-4대-보험-자격득실-확인서-건강보험-자격득실-확인서/,2026-02-05
https://rotcha.kr/posts/2024-12-14-윤석열-탄핵-집회-플레이리스트-플리-알아보기-민중가요-대중가요-조화/,2026-02-05
https://rotcha.kr/posts/2025-07-09-케이팝-데몬-헌터스-더피-작호도-호랑이-굿즈-구매-가이드/,2026-02-05
https://rotcha.kr/posts/2025-06-09-이준석-제명-청원-바로가기-발언-논란과-국민-여론-국회-심사-가능성까지/,2026-02-05
https://rotcha.kr/posts/2023-10-18-버튼/,2026-02-05
https://rotcha.kr/posts/2024-09-10-츠로-시작하는-단어-끝말잇기-할-때-츠비와-츠와나어-만-기억하세요/,2026-02-05
https://rotcha.kr/posts/2020-08-10-12가지-인생의-법칙-의미-고통에서-벗어나게-해-줄-해독제/,2026-02-05
https://rotcha.kr/posts/2025-06-21-민생회복쿠폰-780만장-할인쿠폰-신청하기-지역숙박-문화-활용-총정리-7월-발급예정/,2026-02-05
https://rotcha.kr/posts/2024-10-02-채널a-강철부대-w-여성-예비역들의-치열한-서바이벌/,2026-02-05
https://rotcha.kr/posts/2023-10-02-10월-롯데잇츠-이달의-쿠폰-다운받기-롯데리아-할인-쿠폰-든든점심은-없어졌나/,2026-02-05
https://rotcha.kr/posts/2024-11-30-tiger-미국sp500-etf-미래에셋자산운용-상장지수펀드-알아보기/,2026-02-05
https://rotcha.kr/posts/2022-08-15-탑건-매버릭-액션영화가-감동적인-이유/,2026-02-04
https://rotcha.kr/posts/2024-08-16-사랑의-하츄핑-무대인사-스케줄-안내/,2026-02-04
https://rotcha.kr/posts/2025-04-20-주4일제-도입을-위한-국민청원-장시간-노동-해소와-삶의-질-향상-위한-법-개정-촉구/,2026-02-04
https://rotcha.kr/posts/2025-06-27-이재명-정부-7년-이상-채무-감면-신청-방법-및-대상자-조건-총정리/,2026-02-04
https://rotcha.kr/posts/2021-07-18-진이-지니-그리고-민주-정유정-장편소설/,2026-02-04
https://rotcha.kr/posts/2021-05-13-노쇼-백신-접종-방법과-접종가능-기관에-예약하기/,2026-02-03
https://rotcha.kr/posts/2021-11-17-휴먼카인드-인간의-근본은-선할까-악할까-뉴스를-보지-말라는-조언/,2026-02-03
https://rotcha.kr/posts/2025-06-30-외환죄외환유치죄란-내란보다-무거운-헌법-파괴-범죄/,2026-01-31
https://rotcha.kr/entry/포키Poki-바로가기-다양한-무료-온라인-게임-플랫폼?category=1160184,2026-01-31
https://rotcha.kr/entry/카카오뱅크-예금주-영문명?category=878814,2026-01-31
https://rotcha.kr/entry/카카오뱅크-예금주-영문명?category=1160184,2026-01-30
https://rotcha.kr/m/guestbook,2026-01-30
https://rotcha.kr/entry/네이버-블로그-홈페이지형-투명위젯-문제?category=1160184,2026-01-30
https://rotcha.kr/category/지식 아카이브?page=1,2026-01-29
https://rotcha.kr/entry/충남대-구인구직-백마광장,2026-01-29
https://rotcha.kr/entry/2025년-4·2-재보궐선거-결과-총정리-–-민주당-압승-진보-교육감-복귀,2026-01-29
https://rotcha.kr/entry/푸망-오징어-테스트-MBTI-당신은-어떤-오징어?category=1160184,2026-01-29
https://rotcha.kr/m/entry/토스프라임-해지-방법-A-to-Z-–-간단하게-해지하고-환불까지-받는-팁,2026-01-28
https://rotcha.kr/entry/소문의-뷰티템-손예진-화장품-고혼진?category=878814,2026-01-28
https://rotcha.kr/entry/‘내일-봬요’-vs-‘뵈요’-헷갈리는-높임-표현-바로잡기,2026-01-28
https://rotcha.kr/entry/기업은행-몇-시까지-열어요-IBK기업은행-영업시간-및-고객센터-알아보기?category=878814,2026-01-27
https://rotcha.kr/m/19,2026-01-27
https://rotcha.kr/entry/SC-제일은행-몇-시까지-열어요-지점별-영업시간-및-고객센터-알아보기?category=878814,2026-01-26
https://rotcha.kr/posts/2024-07-17-커피의-다양함-아라비카부터-스페셜티까지/,2026-01-26
https://rotcha.kr/entry/수협-은행-몇-시까지-열어요-SH-수협-뱅크-영업시간-및-고객센터-알아보기?category=878814,2026-01-25
https://rotcha.kr/entry/소문의-뷰티템-손예진-화장품-고혼진?category=1162236,2026-01-25
https://rotcha.kr/m/83,2026-01-23
https://rotcha.kr/m/entry/챗GPT로-프사-만들기-지금-바로-따라-해보세요,2026-01-23
https://rotcha.kr/m/entry/뤼튼Wrtn과-챗GPT-당신도-느낄-뤼튼이-더-좋을-수밖에-없는-이유,2026-01-22
https://rotcha.kr/tag/카카오톡에서변경,2026-01-22
https://rotcha.kr/entry/강원대학교-K-Cloud-교직원과-학생의-필수-앱-케이-클라우드-플랫폼?category=1160184,2026-01-21
https://rotcha.kr/entry/라오스-오지마을-한국인?category=878814?category%3D878814,2026-01-20
https://rotcha.kr/entry/빨간통-신봉선-다이어트-콜레올로지-컷-가격-최저가-29800원-이벤트?category=878814,2026-01-20
https://rotcha.kr/entry/로지텍-지허브-g-hub-다운로드?category=878814,2026-01-20
https://rotcha.kr/m/entry/라오스-오지마을-한국인,2026-01-20
https://rotcha.kr/entry/파인드마이키즈-가격-및-결제-방법-–-환불-및-유료-기능-총정리?category=1160184,2026-01-20
https://rotcha.kr/m/entry/빨간통-신봉선-다이어트-콜레올로지-컷-가격-최저가-29800원-이벤트/comments,2026-01-20
https://rotcha.kr/entry/카카오톡-pc버전-다운받기,2026-01-20
https://rotcha.kr/entry/미야오-가원-수인-안나-나린-엘라-프로필과-MBTI-알아보기?category=1160184,2026-01-20
https://rotcha.kr/m/entry/빨간통-신봉선-다이어트-콜레올로지-컷-가격-최저가-29800원-이벤트,2026-01-19
https://rotcha.kr/entry/하나은행-외환-통장과-애드센스?category=878814,2026-01-19
https://rotcha.kr/entry/로지텍-지허브-g-hub-다운로드?category=1160184,2026-01-19
https://rotcha.kr/entry/당신도-느낄-생성형-AI의-발전과-자동화-접목-셀러캔버스?category=1160184,2026-01-19
https://rotcha.kr/entry/티니핑-테스트-바로가기-MBTI-유형에-따른-캐릭터-매칭-확인-방법?category=1160184,2026-01-19
https://rotcha.kr/entry/중년남자-다이어트-식단-뤼튼Wrtn?category=878814,2026-01-18
https://rotcha.kr/entry/하나은행-외환-통장과-애드센스?category=1160184,2026-01-18
https://rotcha.kr/entry/리더의-권위란-무엇인가?category=878983?category%3D878983,2026-01-18
https://rotcha.kr/m/entry/중년남자-다이어트-식단-뤼튼Wrtn,2026-01-18
https://rotcha.kr/entry/올리브영-몇-시까지-열어요?category=878814,2026-01-18
https://rotcha.kr/entry/카카오톡-pc버전-다운받기?category=878814,2026-01-18
https://rotcha.kr/entry/중년남자-다이어트-식단-뤼튼Wrtn?category=1160184,2026-01-18
https://rotcha.kr/file/sitemap.xml,2026-01-17
https://rotcha.kr/m/entry/SC제일은행-퍼스트홈론-주택담보대출-조건과-신청-방법-그리고-후기,2026-01-17
https://rotcha.kr/tag/신뢰속도정보,2026-01-17
https://rotcha.kr/entry/135금성호-침몰-사고-사망-2명-실종-12명…생존-선원들의-증언으로-밝혀진-침몰-원인?category=1160184,2026-01-17
https://rotcha.kr/entry/최대-53퍼센트-교통비-절감-알뜰-교통카드-K-Pass로-빨리-전환하세요?category=1160184,2026-01-17
https://rotcha.kr/entry/빨간통-신봉선-다이어트-콜레올로지-컷-가격-최저가-29800원-이벤트?category=1162235,2026-01-17
https://rotcha.kr/entry/네이버-2차계정-만들기?category=878814?category%3D878814,2026-01-17
https://rotcha.kr/entry/황만근은-이렇게-말했다-성석제?category=878983?category%3D878983,2026-01-17
https://rotcha.kr/entry/SC제일은행-퍼스트홈론-주택담보대출-조건과-신청-방법-그리고-후기?category=1160184,2026-01-17
https://rotcha.kr/hJZ5TZVgdpUWDhqa7H338jaeDRSKnqoZSlC18XiTDeWp6xO2ZftdCRD806cSr8a,2026-01-17
https://rotcha.kr/entry/푸응-나이트버닝-11-22-광고전용-비밀-특가-알아보기?category=1162235,2026-01-17
https://rotcha.kr/entry/수지맞은-우리-후속-KBS-1TV-드라마-결혼하자-맹꽁아-출연진-감독-첫방영일-정보?category=1160184,2026-01-17
https://rotcha.kr/entry/카카오톡-pc버전-다운받기?category=1160184,2026-01-17
https://rotcha.kr/entry/빨간통-신봉선-다이어트-콜레올로지-컷-가격-최저가-29800원-이벤트,2026-01-17
https://rotcha.kr/tag/에듀넷e학습터?page=1,2026-01-17
https://rotcha.kr/entry/이찬원의-선물-KBS-추석특집쇼-100동안-펼쳐지는-이찬원의-단독무대-예고?category=878814,2026-01-17
https://rotcha.kr/entry/황만근은-이렇게-말했다-성석제?category=878983,2026-01-17
https://rotcha.kr/tag/자정의 도서관,2026-01-17
https://rotcha.kr/tag/복음성가,2026-01-17
https://rotcha.kr/entry/푸응-나이트버닝-11-22-광고전용-비밀-특가-알아보기,2026-01-17
https://rotcha.kr/m/entry/푸응-나이트버닝-11-22-광고전용-비밀-특가-알아보기,2026-01-17
https://rotcha.kr/entry/중년남자-다이어트-식단-뤼튼Wrtn,2026-01-17
https://rotcha.kr/entry/수지맞은-우리-후속-KBS-1TV-드라마-결혼하자-맹꽁아-출연진-감독-첫방영일-정보,2026-01-17
https://rotcha.kr/entry/소크라테스-익스프레스-서평-소로처럼-보는-법,2026-01-17
https://rotcha.kr/m/entry/소크라테스-익스프레스-서평-소로처럼-보는-법,2026-01-17
https://rotcha.kr/entry/워드프레스-링크-현재창으로-열기,2026-01-17
https://rotcha.kr/entry/이찬원의-선물-KBS-추석특집쇼-100동안-펼쳐지는-이찬원의-단독무대-예고,2026-01-17
https://rotcha.kr/tag/혼돈과질서,2026-01-16
https://rotcha.kr/tag/센트비?page=1,2026-01-16
https://rotcha.kr/entry/2025년-코스트코-연회비-및-휴무일-총정리-–-방문-전-꼭-확인하세요,2026-01-16
https://rotcha.kr/entry/노벨문학상-수상-작가-한강의-시-「어느-늦은-저녁-나는」-일상-속-밥에서-느끼는-시간의-흐름과-삶의-무상함?category=878983,2026-01-16
https://rotcha.kr/entry/BNR17-유산균-효능-비에날씬-다이어트-유산균-효능과-최저가-구매하기?category=1162235,2026-01-16
https://rotcha.kr/entry/라오스-오지마을-한국인?category=878814,2026-01-16
https://rotcha.kr/tag/프린터없이 관공서서류 발급,2026-01-16
https://rotcha.kr/entry/iOS-176-업데이트-알아보기-뭐가-더-좋아졌을까?category=1160184,2026-01-16
https://rotcha.kr/entry/iOS-176-업데이트-알아보기-뭐가-더-좋아졌을까,2026-01-16
https://rotcha.kr/tag/육상 김민지 인스타그램,2026-01-16
https://rotcha.kr/tag/라오한,2026-01-16
https://rotcha.kr/entry/황만근은-이렇게-말했다-성석제,2026-01-16
https://rotcha.kr/entry/라오스-오지마을-한국인,2026-01-16
https://rotcha.kr/entry/광복절-행사-80주년-전야제-싸이-10CM-출연-국회중앙잔디광장-8월-14일-행사-정리,2026-01-16
https://rotcha.kr/entry/Fifty-Fifty-노래-Pookie-뜻은-무엇일까-가사-알아보기,2026-01-16
https://rotcha.kr/entry/10월-20일-넥슨-아이콘-매치-FC-SPEAR-VS-SHIELD-UTD-최종-명단-및-상세-정보-및-예매-안내,2026-01-16
"https://rotcha.kr/m69z zrays4OSUO2 
k/LUPyON46WfTBW9VYzEuitU8odh5L0wpNfjU1eHDmbtf9",2026-01-15
"https://rotcha.kr/gBuOfz4QUYkMfuooLrJ 
BoprBgLHY1gaXITA6fZMIFc0iWG2zIRKVYSgeIF/z3v",2026-01-15
"https://rotcha.kr/pNwQ2WoCrixP5Z 
vzbtIIwd3ymTqCFvCvk0SKLAyQHNH4fC9Df87kCDTIpVOYEA",2026-01-15
https://rotcha.kr/m/tag/편안함,2026-01-14
"https://rotcha.kr/u0Li 
0g86Rb7XI49MlCN6LlvHsPhlsvJoB2OTke3s1T8SML4y/jPYPDIxtdqKVT",2026-01-13
https://rotcha.kr/q09zB4AJI2CASlHjx6s28nT3qfbfsA5kzjWVnI1ACnzj3v8bGfhm0MiAYDmSDa0,2026-01-12
"https://rotcha.kr/3VixOdXUHBrypx3zZfhpzWKauuWihXbsBLTU7 
Ybbl/j9aYUKhR/6cmy9r84mkO",2026-01-12
https://rotcha.kr/category/일상다반사2,2026-01-09
"https://rotcha.kr/s30SMe5iEo7rOcFuOFLL/cHjUR 
lw/wEpTjKqJhlBdhgUXlT71XWL6pNVtb20TP",2026-01-06
https://rotcha.kr/entry/김어준-겸손은-힘들다-뉴스공장-모바일-음원-다운로드,2026-01-06
https://rotcha.kr/rBRUuNZyEaux31qdt90Vp4ojkUm/JcfHnTPva8JAH8TPP35bog8ZWC0JCR3rcI6,2026-01-06
https://rotcha.kr/m/tag/선물경제,2025-12-12
https://rotcha.kr/entry/혼돈과-질서를-오가는-우리의-삶-가능성을-찾아-혼돈의-심연으로-뛰어들기,2025-10-06