row_id,blog_id,slug,problem_id
144027,compare-hugo,중고로-팔-때-덜-떨어지는-차는-쏘렌토-vs-모델-y,C08_TITLE_MISMATCH
144027,compare-hugo,중고로-팔-때-덜-떨어지는-차는-쏘렌토-vs-모델-y,C08_OG_MISSING
144027,compare-hugo,2026년형-아이오닉-6-vs-c클래스-신차-구매-전-반드시,C08_TITLE_MISMATCH
144027,compare-hugo,2026년형-아이오닉-6-vs-c클래스-신차-구매-전-반드시,C08_OG_MISSING
144027,compare-hugo,스포티지-하이브리드-시그니처-2wd-3988만원-vs-ev5,C08_TITLE_MISMATCH
144048,deal-hugo,q6-e-트론-딜-현황-공식-할인무이자-할부보조금-총정리,C08_TITLE_MISMATCH
144048,deal-hugo,q6-e-트론-딜-현황-공식-할인무이자-할부보조금-총정리,C08_OG_MISSING
144048,deal-hugo,지금-gv60-마그마-사면-3년-뒤-5677만원에-팔-수-있다,C08_TITLE_MISMATCH
144048,deal-hugo,지금-gv60-마그마-사면-3년-뒤-5677만원에-팔-수-있다,C08_OG_MISSING
144070,ev-hugo,월급-300만원-직장인이-k5-하이브리드을-사면-매달-실제로-얼마가-나갈까,C08_TITLE_MISMATCH
144070,ev-hugo,월급-300만원-직장인이-k5-하이브리드을-사면-매달-실제로-얼마가-나갈까,C08_OG_MISSING
144070,ev-hugo,스포티지-하이브리드-감가-곡선-분석-1년-후-2년-후-3년-후-예상-중고-시세와-잔존가치율,C08_TITLE_MISMATCH
144070,ev-hugo,스포티지-하이브리드-감가-곡선-분석-1년-후-2년-후-3년-후-예상-중고-시세와-잔존가치율,C08_OG_MISSING
144070,ev-hugo,k5-하이브리드-아이오닉-5-유지비-비교-보험세금유류비-월-29만원의-차이,C08_TITLE_MISMATCH
144091,guide-hugo,포터2-일렉트릭-2wd-슈퍼캡-초장축-스마트-스페셜-월-유지비,C08_TITLE_MISMATCH
144091,guide-hugo,포터2-일렉트릭-2wd-슈퍼캡-초장축-스마트-스페셜-월-유지비,C08_OG_MISSING
144091,guide-hugo,2026년-첫차-q6-e-트론-구매-결정-가이드-월-23만원이,C08_TITLE_MISMATCH
144091,guide-hugo,2026년-첫차-q6-e-트론-구매-결정-가이드-월-23만원이,C08_OG_MISSING
144091,guide-hugo,포터2-연간-고정비-467만원-첫차-예산-짤-때-이-숫자를,C08_TITLE_MISMATCH
144112,hotissue-hugo,posts,C08_TITLE_MISMATCH
144112,hotissue-hugo,posts,C08_OG_MISMATCH
144112,hotissue-hugo,posts,C08_TITLE_MISMATCH
144112,hotissue-hugo,posts,C08_OG_MISMATCH
144112,hotissue-hugo,posts,C08_TITLE_MISMATCH
144134,pick-hugo,패밀리에게-모델-y가-맞는-이유-실비용으로-따져봤다,C08_TITLE_MISMATCH
144134,pick-hugo,패밀리에게-모델-y가-맞는-이유-실비용으로-따져봤다,C08_OG_MISSING
144134,pick-hugo,g80-35-터보-스포츠-패키지-이런-사람에게-딱-맞는가,C08_TITLE_MISMATCH
144134,pick-hugo,g80-35-터보-스포츠-패키지-이런-사람에게-딱-맞는가,C08_OG_MISSING
144155,rank-hugo,데이터로-매긴-준대형suv-top5-잔존가치-랭킹-제조사-홍보,C08_TITLE_MISMATCH
144155,rank-hugo,데이터로-매긴-준대형suv-top5-잔존가치-랭킹-제조사-홍보,C08_OG_MISSING
144155,rank-hugo,대형세단-잔존가치-1위는-어디-5개-차량-수치-완전-비교,C08_TITLE_MISMATCH
144155,rank-hugo,대형세단-잔존가치-1위는-어디-5개-차량-수치-완전-비교,C08_OG_MISSING
144155,rank-hugo,데이터로-매긴-소형세단-top5-월-비용-랭킹-제조사-홍보,C08_TITLE_MISMATCH
144177,tco-hugo,신차-q6-e-트론-9580만원-취등록세탁송비보험-더하면,C08_TITLE_MISMATCH
144177,tco-hugo,신차-q6-e-트론-9580만원-취등록세탁송비보험-더하면,C08_OG_MISSING
144198,appliance-hugo,원도어-냉장고-추천-top5-2026년,C08_TITLE_MISMATCH
144198,appliance-hugo,원도어-냉장고-추천-top5-2026년,C08_OG_MISSING
144198,appliance-hugo,bldc-fan-recommend-teuli-a-ina-jeoso-eum-vs-sipeu-ikeom-12dangye,C08_TITLE_MISMATCH
144198,appliance-hugo,bldc-fan-recommend-teuli-a-ina-jeoso-eum-vs-sipeu-ikeom-12dangye,C08_OG_MISSING
144198,appliance-hugo,공기청정기-추천-위닉스-타워-엣지-vs-쿠쿠-ac-17t20fwh-인스퓨어,C08_TITLE_MISMATCH
144220,baby-hugo,posts,C08_TITLE_MISMATCH
144220,baby-hugo,posts,C08_OG_MISSING
144220,baby-hugo,정품-짱구-에그-vs-해피앤티-커플티-남녀선택-필수-아이템-비교,C08_TITLE_MISMATCH
144220,baby-hugo,순성-브릭-프로-isofix-카시트-추천-및-비교,C08_TITLE_MISMATCH
144220,baby-hugo,순성-브릭-프로-isofix-카시트-추천-및-비교,C08_OG_MISSING
144242,beauty-hugo,수분크림-추천-50대-고보습-수분크림과-락티스-젖소크림-비교,C08_TITLE_MISMATCH
144242,beauty-hugo,수분크림-추천-50대-고보습-수분크림과-락티스-젖소크림-비교,C08_OG_MISSING
144242,beauty-hugo,닥터디퍼런트-ceq-안티옥시던트-vs-메디힐-마데카소사이드-흔적-세럼-추천-2026,C08_TITLE_MISMATCH
144242,beauty-hugo,닥터디퍼런트-ceq-안티옥시던트-vs-메디힐-마데카소사이드-흔적-세럼-추천-2026,C08_OG_MISSING
144242,beauty-hugo,egf-세럼-추천-셀라딥랑팡-당신의-피부에-맞는-선택은,C08_TITLE_MISMATCH
144264,bike-hugo,출퇴근용-접이식-자전거-무게와-방식-비교-분석,C08_TITLE_MISMATCH
144264,bike-hugo,출퇴근용-접이식-자전거-무게와-방식-비교-분석,C08_OG_MISSING
144264,bike-hugo,출퇴근용-가벼운-접이식자전거-비교-분석,C08_TITLE_MISMATCH
144264,bike-hugo,출퇴근용-가벼운-접이식자전거-비교-분석,C08_OG_MISSING
144264,bike-hugo,입문용-로드자전거-브랜드별-특징과-구매-팁,C08_TITLE_MISMATCH
144307,car-hugo,야간-화질-선명한-주차-녹화용-블랙박스-모델-비교,C08_TITLE_MISMATCH
144307,car-hugo,야간-화질-선명한-주차-녹화용-블랙박스-모델-비교,C08_OG_MISSING
144307,car-hugo,차량-내부-오염-방지-내구성-좋은-자동차매트-고르는-팁,C08_TITLE_MISMATCH
144307,car-hugo,차량-내부-오염-방지-내구성-좋은-자동차매트-고르는-팁,C08_OG_MISSING
144307,car-hugo,강력한-흡입력의-차량용-무선-청소기-실사용-후기-및-비교,C08_TITLE_MISMATCH
144328,fitness-hugo,워킹화-추천-winfast런닝화-vs-에버라스트-편안한-남자-운동화,C08_TITLE_MISMATCH
144328,fitness-hugo,워킹화-추천-winfast런닝화-vs-에버라스트-편안한-남자-운동화,C08_OG_MISSING
144328,fitness-hugo,pusi-eobba-gomin-a-i-eonbig-bangtansonmoggwa-stam-meoltibodeu-silsa-yong-neu-kkim,C08_TITLE_MISMATCH
144328,fitness-hugo,pusi-eobba-gomin-a-i-eonbig-bangtansonmoggwa-stam-meoltibodeu-silsa-yong-neu-kkim,C08_OG_MISSING
144328,fitness-hugo,이고진-스핀바이크-방문설치-vs-모션헬스케어-최고급-좌식-실내자전거-추천-2026,C08_TITLE_MISMATCH
144350,golf-hugo,발-편한-남성-골프화-선택-기준과-브랜드별-특징-비교,C08_TITLE_MISMATCH
144350,golf-hugo,발-편한-남성-골프화-선택-기준과-브랜드별-특징-비교,C08_OG_MISSING
144350,golf-hugo,비거리-늘려주는-골프공-종류별-특징과-선택-기준,C08_TITLE_MISMATCH
144350,golf-hugo,비거리-늘려주는-골프공-종류별-특징과-선택-기준,C08_OG_MISSING
144350,golf-hugo,내구성과-그립감-좋은-골프장갑-고르는-핵심-기준,C08_TITLE_MISMATCH
144371,health-hugo,독일pm쥬스-액티바이즈-vs-퀵앤써-리스토레이트-어떤-걸-골라야-할까-상황별-추천,C08_TITLE_MISMATCH
144371,health-hugo,독일pm쥬스-액티바이즈-vs-퀵앤써-리스토레이트-어떤-걸-골라야-할까-상황별-추천,C08_OG_MISSING
144371,health-hugo,nyuteulidide-i-peulimi-eom-vitamin-b-vs-dagteoteulu-peulimi-eom-vitamin-b-boghabche-recommend,C08_TITLE_MISMATCH
144371,health-hugo,nyuteulidide-i-peulimi-eom-vitamin-b-vs-dagteoteulu-peulimi-eom-vitamin-b-boghabche-recommend,C08_OG_MISSING
144371,health-hugo,뉴욕웨이-vs-bsn-단백질보충제-어떤-게-나을까,C08_TITLE_MISMATCH
144393,homeappliance-hugo,1인-가구-소형-김치냉장고-용량별-비교-및-구매-팁,C08_TITLE_MISMATCH
144393,homeappliance-hugo,1인-가구-소형-김치냉장고-용량별-비교-및-구매-팁,C08_OG_MISSING
144393,homeappliance-hugo,주방-공간별-빌트인-식기세척기-용량-선택-핵심-팁,C08_TITLE_MISMATCH
144393,homeappliance-hugo,주방-공간별-빌트인-식기세척기-용량-선택-핵심-팁,C08_OG_MISSING
144393,homeappliance-hugo,공간-효율-높이는-삼성-lg-워시타워-비교-및-설치-팁,C08_TITLE_MISMATCH
144414,interior-hugo,2026년-7월-2층-침대-추천-일루일루-코지스칸디아-시몬-14만원대부터-73만원대까지-실속-비교,C08_TITLE_MISMATCH
144414,interior-hugo,2026년-7월-2층-침대-추천-일루일루-코지스칸디아-시몬-14만원대부터-73만원대까지-실속-비교,C08_OG_MISSING
144414,interior-hugo,kodi-3deung-jubangdeung-vs-sampalgeullobeol-led-byeogdeung-bug-yuleob-inteli-eo-sopum-recommend,C08_TITLE_MISMATCH
144414,interior-hugo,kodi-3deung-jubangdeung-vs-sampalgeullobeol-led-byeogdeung-bug-yuleob-inteli-eo-sopum-recommend,C08_OG_MISSING
144414,interior-hugo,2in-yong-sofa-recommend-sopeuteu-esji-jeob-isig-vs-be-ateulum-gagdojojeol,C08_TITLE_MISMATCH
144436,kitchen-hugo,nonseutig-heunhan-ohae-3gaji-2026-gijun-balojabgi,C08_OG_MISSING
144436,kitchen-hugo,nonseutig-heunhan-ohae-3gaji-2026-gijun-balojabgi,C08_AD_NOT_RENDERED
144436,kitchen-hugo,마리슈타이거-슬릭-스테인레스-도마-vs-프로피-전동-그라인더-주방에서-가장-많이-쓰는-도구는,C08_OG_MISSING
144436,kitchen-hugo,마리슈타이거-슬릭-스테인레스-도마-vs-프로피-전동-그라인더-주방에서-가장-많이-쓰는-도구는,C08_AD_NOT_RENDERED
144436,kitchen-hugo,쿠첸-브레인-듀얼프레셔-vs-쿠첸-121-ih-어떤-밥솥이-나을까,C08_OG_MISSING
144458,laptop-hugo,13인치-노트북-추천-한성-노트북-가성비와-삼성전자-갤럭시북4-프로-비교,C08_TITLE_MISMATCH
144458,laptop-hugo,13인치-노트북-추천-한성-노트북-가성비와-삼성전자-갤럭시북4-프로-비교,C08_OG_MISSING
144458,laptop-hugo,cad-3d-jag-eob-yong-laptop-keuli-alliti-creality-3d-peulinteo-recommend,C08_TITLE_MISMATCH
144458,laptop-hugo,cad-3d-jag-eob-yong-laptop-keuli-alliti-creality-3d-peulinteo-recommend,C08_OG_MISSING
144458,laptop-hugo,17inchi-laptop-recommend-lg-ulteulapc-15u470-vs-hanseong-laptop-value,C08_TITLE_MISMATCH
144480,massage-hugo,안마의자-추천-리쏘코지마-후회-없는-선택을-위한-비교,C08_TITLE_MISMATCH
144480,massage-hugo,안마의자-추천-리쏘코지마-후회-없는-선택을-위한-비교,C08_OG_MISSING
144480,massage-hugo,뭉친-근육-풀어주는-마사지건-성능별-비교-및-핵심-체크리스트,C08_TITLE_MISMATCH
144480,massage-hugo,뭉친-근육-풀어주는-마사지건-성능별-비교-및-핵심-체크리스트,C08_OG_MISSING
144480,massage-hugo,어깨마사지기-한일의료기휴플러스-추천-2026년-8월-기준,C08_TITLE_MISMATCH
144525,adventure-hugo,goreme-adventure,C08_TITLE_MISMATCH
144525,adventure-hugo,goreme-adventure,C08_OG_MISSING
144525,adventure-hugo,greater-london-adventure,C08_TITLE_MISMATCH
144525,adventure-hugo,greater-london-adventure,C08_OG_MISSING
144525,adventure-hugo,qasr-el-nil-adventure,C08_TITLE_MISMATCH
144548,airlines-hugo,penang-malaysia,C08_TITLE_MISMATCH
144548,airlines-hugo,penang-malaysia,C08_OG_MISSING
144548,airlines-hugo,amsterdam-netherlands,C08_TITLE_MISMATCH
144548,airlines-hugo,amsterdam-netherlands,C08_OG_MISSING
144548,airlines-hugo,luang-prabang-laos,C08_TITLE_MISMATCH
144571,airports-hugo,laage-airport-rlg-guide,C08_TITLE_MISMATCH
144571,airports-hugo,laage-airport-rlg-guide,C08_OG_MISSING
144571,airports-hugo,cancun-international-airport-cun-guide,C08_TITLE_MISMATCH
144571,airports-hugo,cancun-international-airport-cun-guide,C08_OG_MISSING
144571,airports-hugo,penang-malaysia,C08_TITLE_MISMATCH
144594,bus-hugo,hyères-to-marseille-bus,C08_TITLE_MISMATCH
144594,bus-hugo,hyères-to-marseille-bus,C08_OG_MISSING
144594,bus-hugo,chamonix-mont-blanc-to-geneva-bus,C08_TITLE_MISMATCH
144594,bus-hugo,chamonix-mont-blanc-to-geneva-bus,C08_OG_MISSING
144594,bus-hugo,inverness-to-edinburgh-bus,C08_TITLE_MISMATCH
144639,cruise-hugo,helsinki_one-day-itinerary,C08_TITLE_MISMATCH
144639,cruise-hugo,helsinki_one-day-itinerary,C08_OG_MISSING
144639,cruise-hugo,mykonos_shore-excursions,C08_TITLE_MISMATCH
144639,cruise-hugo,mykonos_shore-excursions,C08_OG_MISSING
144639,cruise-hugo,na-shore-excursions,C08_TITLE_MISMATCH
144661,culture-hugo,hamburg-culture-tours,C08_TITLE_MISMATCH
144661,culture-hugo,hamburg-culture-tours,C08_OG_MISSING
144661,culture-hugo,quintana-roo-culture-tours,C08_TITLE_MISMATCH
144661,culture-hugo,quintana-roo-culture-tours,C08_OG_MISSING
144661,culture-hugo,oslo-culture-tours,C08_TITLE_MISMATCH
144683,daytrips-hugo,zurich-day-trips,C08_TITLE_MISMATCH
144683,daytrips-hugo,zurich-day-trips,C08_OG_MISSING
144683,daytrips-hugo,grad-zagreb-day-trips,C08_TITLE_MISMATCH
144683,daytrips-hugo,grad-zagreb-day-trips,C08_OG_MISSING
144683,daytrips-hugo,colombo-day-trips,C08_TITLE_MISMATCH
144706,deals-hugo,cheapest-flights-denver-to-fort-lauderdale,C08_TITLE_MISMATCH
144706,deals-hugo,cheapest-flights-denver-to-fort-lauderdale,C08_OG_MISSING
144706,deals-hugo,cheapest-flights-atlanta-to-baltimore,C08_TITLE_MISMATCH
144706,deals-hugo,cheapest-flights-atlanta-to-baltimore,C08_OG_MISSING
144706,deals-hugo,cheapest-flights-boston-to-hou,C08_TITLE_MISMATCH
144729,dining-hugo,michelin-belgrade-serbia,C08_TITLE_MISMATCH
144729,dining-hugo,michelin-belgrade-serbia,C08_OG_MISSING
144729,dining-hugo,michelin-london-united-kingdom,C08_TITLE_MISMATCH
144729,dining-hugo,michelin-london-united-kingdom,C08_OG_MISSING
144729,dining-hugo,michelin-beijing-china-mainland,C08_TITLE_MISMATCH
144752,escape-hugo,ov-escape-rooms,C08_TITLE_MISMATCH
144752,escape-hugo,ov-escape-rooms,C08_OG_MISSING
144752,escape-hugo,da-escape-rooms,C08_TITLE_MISMATCH
144752,escape-hugo,da-escape-rooms,C08_OG_MISSING
144752,escape-hugo,grad-dubrovnik-escape-rooms,C08_TITLE_MISMATCH
144774,esim-hugo,esim-tanzania,C08_TITLE_MISMATCH
144774,esim-hugo,esim-tanzania,C08_OG_MISSING
144774,esim-hugo,esim-israel,C08_TITLE_MISMATCH
144774,esim-hugo,esim-israel,C08_OG_MISSING
144774,esim-hugo,esim-global,C08_TITLE_MISMATCH
144796,eurail-hugo,altea-to-madrid-train,C08_TITLE_MISMATCH
144796,eurail-hugo,altea-to-madrid-train,C08_OG_MISSING
144796,eurail-hugo,pombal-to-braga-train,C08_TITLE_MISMATCH
144796,eurail-hugo,pombal-to-braga-train,C08_OG_MISSING
144796,eurail-hugo,coutras-to-bordeaux-train,C08_TITLE_MISMATCH
144819,extreme-hugo,kathmandu-extreme-tours,C08_TITLE_MISMATCH
144819,extreme-hugo,kathmandu-extreme-tours,C08_OG_MISSING
144819,extreme-hugo,cabo-san-lucas-extreme-tours,C08_TITLE_MISMATCH
144819,extreme-hugo,cabo-san-lucas-extreme-tours,C08_OG_MISSING
144819,extreme-hugo,bavaro-outdoor-activities,C08_TITLE_MISMATCH
144842,ferry-hugo,ajaccio-to-nice-ferry,C08_TITLE_MISMATCH
144842,ferry-hugo,ajaccio-to-nice-ferry,C08_OG_MISSING
144842,ferry-hugo,dubrovnik-to-hvar-ferry,C08_TITLE_MISMATCH
144842,ferry-hugo,dubrovnik-to-hvar-ferry,C08_OG_MISSING
144842,ferry-hugo,capri-to-positano-ferry,C08_TITLE_MISMATCH
144865,flights-hugo,cheapest-flights-miami-to-budapest,C08_TITLE_MISMATCH
144865,flights-hugo,cheapest-flights-miami-to-budapest,C08_OG_MISSING
144865,flights-hugo,cheapest-flights-bos-to-was,C08_TITLE_MISMATCH
144865,flights-hugo,cheapest-flights-bos-to-was,C08_OG_MISSING
144865,flights-hugo,cheapest-flights-los-angeles-to-kyoto,C08_TITLE_MISMATCH
144888,foodtour-hugo,hlavn-msto-praha-food-tours,C08_TITLE_MISMATCH
144888,foodtour-hugo,hlavn-msto-praha-food-tours,C08_OG_MISSING
144888,foodtour-hugo,bouches-du-rhne-food-tours,C08_TITLE_MISMATCH
144888,foodtour-hugo,bouches-du-rhne-food-tours,C08_OG_MISSING
144888,foodtour-hugo,datong-district-food-tours,C08_TITLE_MISMATCH
144911,ghost-hugo,barcelona-dark-history-tours,C08_TITLE_MISMATCH
144911,ghost-hugo,barcelona-dark-history-tours,C08_OG_MISSING
144911,ghost-hugo,cusco-ghost-tours,C08_TITLE_MISMATCH
144911,ghost-hugo,cusco-ghost-tours,C08_OG_MISSING
144911,ghost-hugo,malaga-ghost-tours,C08_TITLE_MISMATCH
144934,hiking-hugo,naxos-hiking-tours,C08_TITLE_MISMATCH
144934,hiking-hugo,naxos-hiking-tours,C08_OG_MISSING
144934,hiking-hugo,greece-hiking-tours,C08_TITLE_MISMATCH
144934,hiking-hugo,greece-hiking-tours,C08_OG_MISSING
144934,hiking-hugo,marrakesh-mountain-bike-tours,C08_TITLE_MISMATCH
144957,layover-hugo,prague-layover-tours,C08_TITLE_MISMATCH
144957,layover-hugo,prague-layover-tours,C08_OG_MISSING
144957,layover-hugo,warsaw-layover-tours,C08_TITLE_MISMATCH
144957,layover-hugo,warsaw-layover-tours,C08_OG_MISSING
144957,layover-hugo,new-delhi-layover-tours,C08_TITLE_MISMATCH
144980,luxury-hugo,jalisco-luxury-tours,C08_TITLE_MISMATCH
144980,luxury-hugo,jalisco-luxury-tours,C08_OG_MISSING
144980,luxury-hugo,powiat-warszawa-luxury-tours,C08_TITLE_MISMATCH
144980,luxury-hugo,powiat-warszawa-luxury-tours,C08_OG_MISSING
144980,luxury-hugo,évora-luxury-tours,C08_TITLE_MISMATCH
145002,michelin-hugo,michelin-restaurants-tampa,C08_TITLE_MISMATCH
145002,michelin-hugo,michelin-restaurants-tampa,C08_OG_MISSING
145002,michelin-hugo,michelin-restaurants-busan,C08_TITLE_MISMATCH
145002,michelin-hugo,michelin-restaurants-busan,C08_OG_MISSING
145002,michelin-hugo,A9bec,C08_TITLE_MISMATCH
145025,multiday-hugo,bullitt-county-multiday,C08_TITLE_MISMATCH
145025,multiday-hugo,bullitt-county-multiday,C08_OG_MISSING
145025,multiday-hugo,greece-multiday,C08_TITLE_MISMATCH
145025,multiday-hugo,greece-multiday,C08_OG_MISSING
145025,multiday-hugo,new-delhi-multiday-tours,C08_TITLE_MISMATCH
145048,nature-hugo,jalisco-nature-tours,C08_TITLE_MISMATCH
145048,nature-hugo,jalisco-nature-tours,C08_OG_MISSING
145048,nature-hugo,al-haram-nature-tours,C08_TITLE_MISMATCH
145048,nature-hugo,al-haram-nature-tours,C08_OG_MISSING
145048,nature-hugo,reykjavik-nature-tours,C08_TITLE_MISMATCH
145071,nightlife-hugo,koh-samui-nightlife,C08_TITLE_MISMATCH
145071,nightlife-hugo,koh-samui-nightlife,C08_OG_MISSING
145071,nightlife-hugo,marrakech-evening-entertainment,C08_TITLE_MISMATCH
145071,nightlife-hugo,marrakech-evening-entertainment,C08_OG_MISSING
145071,nightlife-hugo,fi-nightlife,C08_TITLE_MISMATCH
145093,nomad-hugo,porto-digital-nomad-guide,C08_TITLE_MISMATCH
145093,nomad-hugo,porto-digital-nomad-guide,C08_OG_MISSING
145093,nomad-hugo,tulum-digital-nomad-guide,C08_TITLE_MISMATCH
145093,nomad-hugo,tulum-digital-nomad-guide,C08_OG_MISSING
145093,nomad-hugo,playa-del-carmen-digital-nomad-guide,C08_TITLE_MISMATCH
145116,phototour-hugo,napa-county-photo-tours,C08_TITLE_MISMATCH
145116,phototour-hugo,napa-county-photo-tours,C08_OG_MISSING
145116,phototour-hugo,paris-photo-tours,C08_TITLE_MISMATCH
145116,phototour-hugo,paris-photo-tours,C08_OG_MISSING
145116,phototour-hugo,nevada-county-photo-tours,C08_TITLE_MISMATCH
145138,tour-hugo,ocho-rios-travel-guide,C08_TITLE_MISMATCH
145138,tour-hugo,ocho-rios-travel-guide,C08_OG_MISSING
145138,tour-hugo,victoria-travel-guide,C08_TITLE_MISMATCH
145138,tour-hugo,victoria-travel-guide,C08_OG_MISSING
145138,tour-hugo,fraser-island-travel-guide,C08_TITLE_MISMATCH
145161,tours-hugo,best-tours-jalisco,C08_TITLE_MISMATCH
145161,tours-hugo,best-tours-jalisco,C08_OG_MISSING
145161,tours-hugo,best-tours-punta-cana,C08_TITLE_MISMATCH
145161,tours-hugo,best-tours-punta-cana,C08_OG_MISSING
145161,tours-hugo,best-tours-monroe-county,C08_TITLE_MISMATCH
145184,trains-hugo,zurich-to-milan,C08_TITLE_MISMATCH
145184,trains-hugo,zurich-to-milan,C08_OG_MISSING
145184,trains-hugo,barcelona-to-zaragoza,C08_TITLE_MISMATCH
145184,trains-hugo,barcelona-to-zaragoza,C08_OG_MISSING
145184,trains-hugo,madrid-to-segovia,C08_TITLE_MISMATCH
145207,transfers-hugo,qasr-el-nil-transfers,C08_TITLE_MISMATCH
145207,transfers-hugo,qasr-el-nil-transfers,C08_OG_MISSING
145207,transfers-hugo,greater-london-transfers,C08_TITLE_MISMATCH
145207,transfers-hugo,greater-london-transfers,C08_OG_MISSING
145207,transfers-hugo,sao-paulo-transfers,C08_TITLE_MISMATCH
145230,visa-hugo,visa-policy-guyana,C08_TITLE_MISMATCH
145230,visa-hugo,visa-policy-guyana,C08_OG_MISSING
145230,visa-hugo,visa-policy-australia,C08_TITLE_MISMATCH
145230,visa-hugo,visa-policy-australia,C08_OG_MISSING
145230,visa-hugo,visa-policy-china,C08_TITLE_MISMATCH
145252,visafree-hugo,brazil-visa-free,C08_TITLE_MISMATCH
145252,visafree-hugo,brazil-visa-free,C08_OG_MISSING
145252,visafree-hugo,kazakhstan-visa-free,C08_TITLE_MISMATCH
145252,visafree-hugo,kazakhstan-visa-free,C08_OG_MISSING
145252,visafree-hugo,zimbabwe-visa-free,C08_TITLE_MISMATCH
145275,walking-hugo,bulaq-walking-tours,C08_TITLE_MISMATCH
145275,walking-hugo,bulaq-walking-tours,C08_OG_MISSING
145275,walking-hugo,ciudad-de-méxico-walking-tours,C08_TITLE_MISMATCH
145275,walking-hugo,ciudad-de-méxico-walking-tours,C08_OG_MISSING
145275,walking-hugo,district-of-columbia-walking-tours,C08_TITLE_MISMATCH
145298,watersports-hugo,patong-water-sports,C08_TITLE_MISMATCH
145298,watersports-hugo,patong-water-sports,C08_OG_MISSING
145298,watersports-hugo,la-altagracia-province-water-sports,C08_TITLE_MISMATCH
145298,watersports-hugo,la-altagracia-province-water-sports,C08_OG_MISSING
145298,watersports-hugo,agadir-ida-ou-tanane-watersports,C08_TITLE_MISMATCH
145321,watertours-hugo,hanoi-water-tours,C08_TITLE_MISMATCH
145321,watertours-hugo,hanoi-water-tours,C08_OG_MISSING
145321,watertours-hugo,ha-long-city-water-tours,C08_TITLE_MISMATCH
145321,watertours-hugo,ha-long-city-water-tours,C08_OG_MISSING
145321,watertours-hugo,bodrum-water-tours,C08_TITLE_MISMATCH
145343,biz-techpawz-hugo,20260615-170154-2026년-카카오T-픽커-퇴직-후-안정적인-부업-수익-창출-전략,C08_TITLE_MISMATCH
145343,biz-techpawz-hugo,20260615-170154-2026년-카카오T-픽커-퇴직-후-안정적인-부업-수익-창출-전략,C08_OG_MISSING
145343,biz-techpawz-hugo,a4,C08_TITLE_MISMATCH
145343,biz-techpawz-hugo,98-0g,C08_TITLE_MISMATCH
145343,biz-techpawz-hugo,98-0g,C08_OG_MISSING
145365,informationhot-hugo,20260615-135829-바쁜-워킹맘을-위한-엘빈즈-프리미엄-이유식-무료-체험-아이-성장-단계별-맞춤-영양-설계-가이드,C08_TITLE_MISMATCH
145365,informationhot-hugo,2026-01-18-008-kcb-vs-nice-sinyongjeomsu,C08_TITLE_MISMATCH
145365,informationhot-hugo,20260515-113616-티빙-무료-각종-이벤트-정리,C08_TITLE_MISMATCH
145365,informationhot-hugo,20260515-135905-고유가-피해지원금-대상-확인-방법-악성-스미싱-주의사항-포함,C08_TITLE_MISMATCH
145365,informationhot-hugo,20260515-115329-2026년-한부모가정-지원금-완벽-가이드-자녀-교육과-성장을-위한-정부-,C08_TITLE_MISMATCH
145387,issue-techpawz-hugo,posts,C08_TITLE_MISMATCH
145387,issue-techpawz-hugo,posts,C08_OG_MISSING
145387,issue-techpawz-hugo,20260618-011614-2026년-에어팟-실시간-번역-아이폰15Pro-기기별-완벽-가이드,C08_TITLE_MISMATCH
145387,issue-techpawz-hugo,20260618-011614-2026년-에어팟-실시간-번역-아이폰15Pro-기기별-완벽-가이드,C08_OG_MISSING
145387,issue-techpawz-hugo,20260531-081939-고용노동부-퇴직금계산기-바로가기-세후-실수령액,C08_OG_MISMATCH
145409,rotcha-blog,posts,C08_TITLE_MISMATCH
145409,rotcha-blog,posts,C08_OG_MISSING
145409,rotcha-blog,posts,C08_AD_NOT_RENDERED
145409,rotcha-blog,posts,C08_TITLE_MISMATCH
145409,rotcha-blog,posts,C08_OG_MISSING
145431,techpawz-hugo,올리브영-서바이벌-뷰티-기획전-20260815-s3,C08_TITLE_MISMATCH
145431,techpawz-hugo,올리브영-서바이벌-뷰티-기획전-20260815-s3,C08_OG_MISSING
145431,techpawz-hugo,20260427-144041-경남도민-생활지원금-1인당-10만-원-신청방법-및-자격조건-총정리,C08_OG_MISMATCH
145431,techpawz-hugo,비트버니-퀴즈-2월-28일,C08_TITLE_MISMATCH
145431,techpawz-hugo,20260503-072627-2026-KBS-티벗-TVUT-앱-설치-및-방송-참여-완벽-가이드,C08_TITLE_MISMATCH
145496,rap-hugo,2026년-04월-까치마을-강남구-실거래가,C08_TITLE_MISMATCH
145496,rap-hugo,2026년-04월-까치마을-강남구-실거래가,C08_OG_MISSING
145496,rap-hugo,2026년-04월-성남복정1-a1블록-단지-내-상가-재분양-정보,C08_TITLE_MISMATCH
145496,rap-hugo,2026년-04월-성남복정1-a1블록-단지-내-상가-재분양-정보,C08_OG_MISSING
145496,rap-hugo,럭키963-31억-7천-강남구-실거래-65건-정리,C08_TITLE_MISMATCH
145518,rap2-hugo,양산-삼성파크빌-한일유앤아이-국민임대-입주자-모집-신청조건,C08_TITLE_MISMATCH
145518,rap2-hugo,양산-삼성파크빌-한일유앤아이-국민임대-입주자-모집-신청조건,C08_OG_MISSING
145518,rap2-hugo,2026년-04월-경산대임-업무시설용지-공급공고-청약-정보,C08_TITLE_MISMATCH
145518,rap2-hugo,부산경기-공공임대-신청자격소득기준-8월-접수중,C08_TITLE_MISMATCH
145518,rap2-hugo,부산경기-공공임대-신청자격소득기준-8월-접수중,C08_OG_MISSING
145540,rap3-hugo,종로구-실거래가-종합-2026년-8월-기준-세금-분석,C08_TITLE_MISMATCH
145540,rap3-hugo,종로구-실거래가-종합-2026년-8월-기준-세금-분석,C08_OG_MISSING
145540,rap3-hugo,신반포4-648억-세금-차이-뭐가-더-클까,C08_TITLE_MISMATCH
145540,rap3-hugo,신반포4-648억-세금-차이-뭐가-더-클까,C08_OG_MISSING
145540,rap3-hugo,강서구-2026년-8월-삼성하나로-인근-세금-분석,C08_TITLE_MISMATCH
145562,rap4-hugo,강동구-명일지에스아파트-전세-및-월세-시장-분석,C08_TITLE_MISMATCH
145562,rap4-hugo,강동구-명일지에스아파트-전세-및-월세-시장-분석,C08_OG_MISSING
145562,rap4-hugo,목동금호베스트빌-양천구-전세-월세-시세-분석,C08_TITLE_MISMATCH
145562,rap4-hugo,목동금호베스트빌-양천구-전세-월세-시세-분석,C08_OG_MISSING
145562,rap4-hugo,2026년-04월-대구-동구-전세월세-시장-분석,C08_TITLE_MISMATCH
145584,rap5-hugo,더샵엑스포6단지-연수구-실거래가-분석,C08_TITLE_MISMATCH
145584,rap5-hugo,더샵엑스포6단지-연수구-실거래가-분석,C08_OG_MISSING
145584,rap5-hugo,래미안서초에스티지s-서초구-실거래가-2026년-04월,C08_TITLE_MISMATCH
145584,rap5-hugo,래미안서초에스티지s-서초구-실거래가-2026년-04월,C08_OG_MISSING
145584,rap5-hugo,은평구-폭포동4단지힐스테이트-브랜드-가치-및-시세-분석,C08_TITLE_MISMATCH
145627,senior-hugo,양천구-결식우려-1인가구를-위한-밑반찬-지원-사업-어떻게-신청할까,C08_TITLE_MISMATCH
145627,senior-hugo,양천구-결식우려-1인가구를-위한-밑반찬-지원-사업-어떻게-신청할까,C08_OG_MISSING
145627,senior-hugo,김제시-최저보험료-내는-노인장애인-세대-건강보험료-지원받을,C08_TITLE_MISMATCH
145627,senior-hugo,김제시-최저보험료-내는-노인장애인-세대-건강보험료-지원받을,C08_OG_MISSING
145627,senior-hugo,치매-상담콜센터-치매-환자-가족의-심리상담은-어떻게-받을-수-있을까,C08_TITLE_MISMATCH
145649,dividend-hugo,2026년-배당률-186-고배당주와-157-성장주-비교-분석,C08_TITLE_MISMATCH
145649,dividend-hugo,배당주-투자-전략-배당성향-100-이하가-안전한-이유-2026년-8월,C08_TITLE_MISMATCH
145649,dividend-hugo,배당주-투자-전략-배당성향-100-이하가-안전한-이유-2026년-8월,C08_OG_MISSING
145649,dividend-hugo,2026년-고배당주-top10-배당수익률-75-넘는-종목은,C08_TITLE_MISMATCH
145649,dividend-hugo,2026년-고배당주-top10-배당수익률-75-넘는-종목은,C08_OG_MISSING
145671,etf-hugo,반도체-etf-2개-비교-kodex-vs-tiger-수수료-차이-01,C08_TITLE_MISMATCH
145671,etf-hugo,kodex-vs-tiger-etf-수익률-1042와--1146로-극명한-차이,C08_TITLE_MISMATCH
145671,etf-hugo,kodex-vs-tiger-etf-수익률-1042와--1146로-극명한-차이,C08_OG_MISSING
145671,etf-hugo,ai-etf-어디에-넣을까-kodex-vs-tiger-수익률-022-차이,C08_TITLE_MISMATCH
145671,etf-hugo,4월-5일-etf-수익률-top10-tiger-미국초단기-국채-12-급등-이유는,C08_TITLE_MISMATCH
145693,finance-hugo,흥국저축은행-39-예금과-디비저축은행-60-적금-2026년-하반기-자산-증식-최적-경로-분석,C08_TITLE_MISMATCH
145693,finance-hugo,흥국저축은행-39-예금과-디비저축은행-60-적금-2026년-하반기-자산-증식-최적-경로-분석,C08_OG_MISSING
145693,finance-hugo,민국저축은행-39-예금-vs-고려저축은행-60-적금-3천만-원-목돈과-월-250만-원-저축의-세후-승자는,C08_TITLE_MISMATCH
145693,finance-hugo,민국저축은행-39-예금-vs-고려저축은행-60-적금-3천만-원-목돈과-월-250만-원-저축의-세후-승자는,C08_OG_MISSING
145693,finance-hugo,2026년-8월-애큐온저축은행-애愛랑해적금-80-포함-최고-금리-적금-10선-분석,C08_TITLE_MISMATCH
145715,ipo-hugo,공모주-청약-방법-완전-정리-초보자-가이드,C08_TITLE_MISMATCH
145715,ipo-hugo,공모주-청약-방법-완전-정리-초보자-가이드,C08_OG_MISSING
145715,ipo-hugo,2026년-8월-초보자를-위한-공모주-청약-방법-완전-정리-가이드,C08_TITLE_MISMATCH
145715,ipo-hugo,2026년-8월-초보자를-위한-공모주-청약-방법-완전-정리-가이드,C08_OG_MISSING
145715,ipo-hugo,이씨에스-자본변동-공시-분석-및-증권사-ib-관점의-자본시장-이해,C08_TITLE_MISMATCH
145737,sector-hugo,2026년-4월-9일-저조한-성과를-보이는-업종-분석,C08_TITLE_MISMATCH
145737,sector-hugo,지금-가장-저평가된-업종은-기타금융---역대-최저-등락률--220,C08_TITLE_MISMATCH
145737,sector-hugo,지금-가장-저평가된-업종은-기타금융---역대-최저-등락률--220,C08_OG_MISSING
145737,sector-hugo,4월-13일-급등-업종-1위-인터넷과카탈로그소매-543-상승-이유와-수혜주,C08_TITLE_MISMATCH
145737,sector-hugo,금리-인하-수혜-업종-5개-금융부동산이-가장-유리한-이유,C08_TITLE_MISMATCH
145759,stock-hugo,2026-02-01-046-asia-choedae-gyumo-tiger,C08_TITLE_MISMATCH
145759,stock-hugo,2026-02-01-046-asia-choedae-gyumo-tiger,C08_OG_MISSING
145759,stock-hugo,2026-02-03-029-miguk-geumri-oreumyeon-nae,C08_TITLE_MISMATCH
145759,stock-hugo,2026-02-03-029-miguk-geumri-oreumyeon-nae,C08_OG_MISSING
145759,stock-hugo,kg모빌리언스-영업이익-331억-원-전년비-3459-증가의-의미는,C08_TITLE_MISMATCH
145900,travel4-hugo,전북-정읍사공원과-동학혁명기념탑-포함-가족코스-7곳-꿀팁,C08_TITLE_MISMATCH
145900,travel4-hugo,전북-정읍사공원과-동학혁명기념탑-포함-가족코스-7곳-꿀팁,C08_OG_MISSING
145900,travel4-hugo,전남-목포-해상케이블카-여행-코스-추천,C08_TITLE_MISMATCH
145900,travel4-hugo,전남-목포-해상케이블카-여행-코스-추천,C08_OG_MISSING
145900,travel4-hugo,강원-고석정국민관광지-코스-놓치기-쉬운-볼거리까지,C08_TITLE_MISMATCH
145924,travel-hugo,충북-봄-축제-대표-장소-5곳-체크리스트,C08_TITLE_MISMATCH
145924,travel-hugo,충북-봄-축제-대표-장소-5곳-체크리스트,C08_OG_MISSING
145924,travel-hugo,전라남도-웰니스-여행지-5곳-방문-전-필독,C08_TITLE_MISMATCH
145924,travel-hugo,전라남도-웰니스-여행지-5곳-방문-전-필독,C08_OG_MISSING
145924,travel-hugo,대전-회덕-동춘당-보물-탐방-추천,C08_TITLE_MISMATCH
145946,pet-hugo,sini-eo-dog-food-recommend-seullo-ullila-ipeu-vs-lo-yalkaenin,C08_TITLE_MISMATCH
145946,pet-hugo,sini-eo-dog-food-recommend-seullo-ullila-ipeu-vs-lo-yalkaenin,C08_OG_MISSING
145946,pet-hugo,그레인프리-흔한-오해-3가지-잘먹잘싸닥터폴로-2026년-기준-바로잡기,C08_TITLE_MISMATCH
145946,pet-hugo,그레인프리-흔한-오해-3가지-잘먹잘싸닥터폴로-2026년-기준-바로잡기,C08_OG_MISSING
145946,pet-hugo,silje-sseobon-salam-i-malhaneun-dalggogimas-pet-treat-top-5-ma-itipeschyobchyob-compare,C08_TITLE_MISMATCH
145970,travel1-hugo,전북-전주막걸리축제-일정과-먹거리-정리,C08_TITLE_MISMATCH
145970,travel1-hugo,전북-전주막걸리축제-일정과-먹거리-정리,C08_OG_MISSING
145970,travel1-hugo,파주시-축제-2026-ghost-포함-가볼-만한-곳-3곳-정리,C08_TITLE_MISMATCH
145970,travel1-hugo,파주시-축제-2026-ghost-포함-가볼-만한-곳-3곳-정리,C08_OG_MISSING
145970,travel1-hugo,울산고래축제-일정과-주변-행사-한눈에-보기,C08_TITLE_MISMATCH
145993,travel2-hugo,경북-국보-탐방-구미부터-경주까지-메뉴-비교,C08_TITLE_MISMATCH
145993,travel2-hugo,경북-국보-탐방-구미부터-경주까지-메뉴-비교,C08_OG_MISSING
145993,travel2-hugo,경기에서-즐길-수-있는-테마파크-5곳-소개,C08_TITLE_MISMATCH
145993,travel2-hugo,경기에서-즐길-수-있는-테마파크-5곳-소개,C08_OG_MISSING
145993,travel2-hugo,강원-송지호둘레길-입장료-무료-자연-탐방-5곳-소개,C08_TITLE_MISMATCH
146015,citytours-hugo,el-mosky-city-tours,C08_TITLE_MISMATCH
146015,citytours-hugo,el-mosky-city-tours,C08_OG_MISSING
146015,citytours-hugo,hurghada-city-tours,C08_TITLE_MISMATCH
146015,citytours-hugo,hurghada-city-tours,C08_OG_MISSING
146015,citytours-hugo,konkan-division-city-tours,C08_TITLE_MISMATCH
146038,travel3-hugo,서울-서초구-맛집-봉희설렁탕-본점-등-실패-없는-식당-3곳-추천,C08_TITLE_MISMATCH
146038,travel3-hugo,서울-서초구-맛집-봉희설렁탕-본점-등-실패-없는-식당-3곳-추천,C08_OG_MISSING
146038,travel3-hugo,전남-순천시-맛집-예약-필수-식당-3곳과-연락처,C08_TITLE_MISMATCH
146038,travel3-hugo,전남-순천시-맛집-예약-필수-식당-3곳과-연락처,C08_OG_MISSING
146038,travel3-hugo,제주시-맛집-웨이팅-없는-식당-3곳-추천,C08_TITLE_MISMATCH
146059,camping-hugo,난로-추천-top5-2026년,C08_TITLE_MISMATCH
146059,camping-hugo,난로-추천-top5-2026년,C08_OG_MISSING
146059,camping-hugo,캠핑-난로-추천-모리츠-캠핑용-가스히터-vs-나비아-대용량-야외용,C08_TITLE_MISMATCH
146059,camping-hugo,캠핑-난로-추천-모리츠-캠핑용-가스히터-vs-나비아-대용량-야외용,C08_OG_MISSING
146059,camping-hugo,3man-wondaebuteo-20man-wondae-kkaji-practical-kaemping-nanlo-recommend-pasekonabi-ajimmeoman,C08_TITLE_MISMATCH
