블로그,GA4_ID,config_파일
SAP/betguide-hugo,G-Q5FWQMTHW8,/Users/twinssn/Projects/SAP/betguide-hugo/config/_default/hugo.toml
SAP/fsched-hugo,G-8LC0CBX343,/Users/twinssn/Projects/SAP/fsched-hugo/config/_default/hugo.toml
SAP/fstats-hugo,G-KGBENDXKVG,/Users/twinssn/Projects/SAP/fstats-hugo/config/_default/hugo.toml
SAP/kboplayer-hugo,G-41WGXERNQH,/Users/twinssn/Projects/SAP/kboplayer-hugo/config/_default/hugo.toml
SAP/kboschedule-hugo,G-5JNQ7F46LK,/Users/twinssn/Projects/SAP/kboschedule-hugo/config/_default/hugo.toml
SAP/kboteam-hugo,G-0M5T2RL69V,/Users/twinssn/Projects/SAP/kboteam-hugo/config/_default/hugo.toml
SAP/proto-hugo,G-FDPP067PVH,/Users/twinssn/Projects/SAP/proto-hugo/config/_default/hugo.toml
SAP/protoking-hugo,없음,
SAP/protostats-hugo,G-MKC01WRRRN,/Users/twinssn/Projects/SAP/protostats-hugo/config/_default/hugo.toml
ETAP/adventure-hugo,없음,
ETAP/airlines-hugo,없음,
ETAP/airports-hugo,없음,
ETAP/bus-hugo,없음,
ETAP/citytours-hugo,없음,
ETAP/cruise-hugo,G-65W5YFCGYF,/Users/twinssn/Projects/ETAP/cruise-hugo/config/_default/params.toml
ETAP/culture-hugo,G-3TQR78109F,/Users/twinssn/Projects/ETAP/culture-hugo/config/_default/params.toml
ETAP/daytrips-hugo,G-YHYXXLJ6KX,/Users/twinssn/Projects/ETAP/daytrips-hugo/config/_default/params.toml
ETAP/deals-hugo,G-4BRKY9KE2Z,/Users/twinssn/Projects/ETAP/deals-hugo/config/_default/params.toml
ETAP/dining-hugo,G-LGDLCT7EF6,/Users/twinssn/Projects/ETAP/dining-hugo/config/_default/params.toml
ETAP/escape-hugo,없음,
ETAP/esim-hugo,없음,
ETAP/eurail-hugo,없음,
ETAP/extreme-hugo,없음,
ETAP/ferry-hugo,G-MKJ5PYNCT5,/Users/twinssn/Projects/ETAP/ferry-hugo/config/_default/params.toml
ETAP/flights-hugo,없음,
ETAP/foodtour-hugo,G-XY1EPFZ32T,/Users/twinssn/Projects/ETAP/foodtour-hugo/config/_default/params.toml
ETAP/ghost-hugo,없음,
ETAP/hiking-hugo,없음,
ETAP/layover-hugo,없음,
ETAP/luxury-hugo,없음,
ETAP/michelin-hugo,없음,
ETAP/multiday-hugo,G-BKLYM5WN6R,/Users/twinssn/Projects/ETAP/multiday-hugo/config/_default/params.toml
ETAP/nature-hugo,없음,
ETAP/nightlife-hugo,없음,
ETAP/nomad-hugo,없음,
ETAP/phototour-hugo,없음,
ETAP/tour-hugo,G-N4Q99745QT,/Users/twinssn/Projects/ETAP/tour-hugo/config/_default/params.toml
ETAP/tours-hugo,없음,
ETAP/trains-hugo,없음,
ETAP/transfers-hugo,G-1BT8DWNXVR,/Users/twinssn/Projects/ETAP/transfers-hugo/config/_default/params.toml
ETAP/visa-hugo,없음,
ETAP/visafree-hugo,없음,
ETAP/walking-hugo,G-ZKDVHDKPWL,/Users/twinssn/Projects/ETAP/walking-hugo/config/_default/params.toml
ETAP/watersports-hugo,G-PK52YHF7Q6,/Users/twinssn/Projects/ETAP/watersports-hugo/config/_default/params.toml
ETAP/watertours-hugo,없음,
CAP/compare-hugo,없음,
CAP/deal-hugo,없음,
CAP/ev-hugo,없음,
CAP/guide-hugo,없음,
CAP/hotissue-hugo,없음,
CAP/pick-hugo,없음,
CAP/rank-hugo,없음,
CAP/tco-hugo,없음,
STAP/dividend-hugo,G-LCZKTDERF7,/Users/twinssn/Projects/STAP/dividend-hugo/config/_default/params.toml
STAP/etf-hugo,없음,
STAP/finance-hugo,G-XXXXXXXXX,/Users/twinssn/Projects/STAP/finance-hugo/config/_default/hugo.toml.bak2
STAP/ipo-hugo,없음,
STAP/sector-hugo,없음,
STAP/stock-hugo,G-79ZXPZZ262,/Users/twinssn/Projects/STAP/stock-hugo/config/_default/params.toml
CUAP/appliance-hugo,G-995DNX1KV8,/Users/twinssn/Projects/CUAP/appliance-hugo/config/_default/params.toml
CUAP/baby-hugo,G-CWNZR6DPP5,/Users/twinssn/Projects/CUAP/baby-hugo/config/_default/params.toml
CUAP/beauty-hugo,G-CWNZR6DPP5,/Users/twinssn/Projects/CUAP/beauty-hugo/config/_default/params.toml
CUAP/camping-hugo,G-CWNZR6DPP5,/Users/twinssn/Projects/CUAP/camping-hugo/config/_default/params.toml
CUAP/fitness-hugo,G-H4CX8V0B44,/Users/twinssn/Projects/CUAP/fitness-hugo/config/_default/params.toml
CUAP/health-hugo,G-CWNZR6DPP5,/Users/twinssn/Projects/CUAP/health-hugo/config/_default/params.toml
CUAP/interior-hugo,없음,
CUAP/kitchen-hugo,G-CWNZR6DPP5,/Users/twinssn/Projects/CUAP/kitchen-hugo/config/_default/params.toml
CUAP/laptop-hugo,G-CF7VEGRSDS,/Users/twinssn/Projects/CUAP/laptop-hugo/config/_default/params.toml
CUAP/pet-hugo,G-CWNZR6DPP5,/Users/twinssn/Projects/CUAP/pet-hugo/config/_default/params.toml
RAP/rap-hugo,없음,
RAP/rap2-hugo,없음,
RAP/rap3-hugo,없음,
RAP/rap4-hugo,없음,
RAP/rap5-hugo,없음,
SEAP/senior-hugo,없음,
TAP/travel-hugo,없음,
TAP/travel1-hugo,G-5HTKESXB4S,/Users/twinssn/Projects/TAP/travel1-hugo/config/_default/hugo.toml.bak_ga4
TAP/travel2-hugo,G-RVX44514LP,/Users/twinssn/Projects/TAP/travel2-hugo/config/_default/hugo.toml.bak_ga4
TAP/travel3-hugo,G-N2KJVYNH0P,/Users/twinssn/Projects/TAP/travel3-hugo/config/_default/hugo.toml.bak_ga4
TAP/travel4-hugo,없음,
